EmployeeID,EmployeeName,CheckInTime,CheckOutTime,Date
Emp-1,John Doe,6/6/2023 8:10,6/6/2023 16:06,6/6/2023
Emp-2,Sarah Brown,8/31/2023 7:34,8/31/2023 17:55,8/31/2023
Emp-3,John Doe,8/14/2023 7:09,8/14/2023 18:32,8/14/2023
Emp-4,James Anderson,8/14/2023 7:43,8/14/2023 17:37,8/14/2023
Emp-5,James Anderson,2/4/2023 8:03,2/4/2023 18:37,2/4/2023
Emp-6,Michael Johnson,5/29/2023 10:46,5/29/2023 16:15,5/29/2023
Emp-7,Jane Smith,10/20/2023 10:09,10/20/2023 18:35,10/20/2023
Emp-8,Chris Moore,2/4/2023 9:44,2/4/2023 19:17,2/4/2023
Emp-9,Laura Taylor,12/30/2023 7:47,12/30/2023 16:34,12/30/2023
Emp-10,Sarah Brown,6/27/2023 9:50,6/27/2023 17:21,6/27/2023
Emp-11,Emily Davis,6/9/2023 7:18,6/9/2023 17:34,6/9/2023
Emp-12,John Doe,1/11/2023 9:25,1/11/2023 16:49,1/11/2023
Emp-13,David Wilson,12/14/2023 10:17,12/14/2023 19:00,12/14/2023
Emp-14,Chris Moore,7/24/2023 9:36,7/24/2023 19:59,7/24/2023
Emp-15,David Wilson,3/10/2023 7:55,3/10/2023 18:58,3/10/2023
Emp-16,Chris Moore,2/11/2023 10:02,2/11/2023 16:09,2/11/2023
Emp-17,Laura Taylor,2/24/2023 7:57,2/24/2023 19:24,2/24/2023
Emp-18,John Doe,7/31/2023 7:35,7/31/2023 19:42,7/31/2023
Emp-19,Emily Davis,9/26/2023 8:08,9/26/2023 18:13,9/26/2023
Emp-20,James Anderson,4/1/2023 9:43,4/1/2023 17:23,4/1/2023
Emp-21,Jane Smith,4/11/2023 8:27,4/11/2023 17:17,4/11/2023
Emp-22,Laura Taylor,7/6/2023 9:19,7/6/2023 19:24,7/6/2023
Emp-23,Jane Smith,7/15/2023 7:12,7/15/2023 18:35,7/15/2023
Emp-24,John Doe,1/18/2023 9:08,1/18/2023 19:16,1/18/2023
Emp-25,Laura Taylor,7/20/2023 8:55,7/20/2023 18:06,7/20/2023
Emp-26,David Wilson,4/18/2023 8:52,4/18/2023 19:48,4/18/2023
Emp-27,Emily Davis,8/20/2023 8:02,8/20/2023 18:13,8/20/2023
Emp-28,Laura Taylor,5/16/2023 7:05,5/16/2023 19:28,5/16/2023
Emp-29,Jane Smith,7/17/2023 7:43,7/17/2023 16:54,7/17/2023
Emp-30,Chris Moore,8/19/2023 10:41,8/19/2023 19:22,8/19/2023
Emp-31,Michael Johnson,8/20/2023 10:32,8/20/2023 17:36,8/20/2023
Emp-32,Olivia Martinez,5/16/2023 7:07,5/16/2023 16:40,5/16/2023
Emp-33,John Doe,3/1/2023 9:11,3/1/2023 16:35,3/1/2023
Emp-34,James Anderson,10/18/2023 10:19,10/18/2023 17:30,10/18/2023
Emp-35,Olivia Martinez,6/17/2023 8:12,6/17/2023 19:50,6/17/2023
Emp-36,Laura Taylor,4/4/2023 10:17,4/4/2023 16:10,4/4/2023
Emp-37,Laura Taylor,5/31/2023 8:05,5/31/2023 16:29,5/31/2023
Emp-38,Jane Smith,3/12/2023 9:01,3/12/2023 16:26,3/12/2023
Emp-39,Michael Johnson,4/15/2023 7:48,4/15/2023 16:54,4/15/2023
Emp-40,Laura Taylor,11/15/2023 7:53,11/15/2023 19:42,11/15/2023
Emp-41,John Doe,8/24/2023 7:42,8/24/2023 18:27,8/24/2023
Emp-42,Laura Taylor,11/11/2023 7:13,11/11/2023 19:30,11/11/2023
Emp-43,Emily Davis,7/6/2023 7:36,7/6/2023 16:12,7/6/2023
Emp-44,Chris Moore,2/4/2023 10:13,2/4/2023 16:42,2/4/2023
Emp-45,Michael Johnson,3/27/2023 8:52,3/27/2023 17:22,3/27/2023
Emp-46,Chris Moore,11/21/2023 7:11,11/21/2023 17:43,11/21/2023
Emp-47,Emily Davis,6/29/2023 9:01,6/29/2023 17:08,6/29/2023
Emp-48,Jane Smith,7/19/2023 10:38,7/19/2023 17:22,7/19/2023
Emp-49,John Doe,4/5/2023 8:07,4/5/2023 18:11,4/5/2023
Emp-50,Chris Moore,3/17/2023 10:29,3/17/2023 18:49,3/17/2023
Emp-51,Olivia Martinez,6/16/2023 10:28,6/16/2023 19:24,6/16/2023
Emp-52,Michael Johnson,7/20/2023 7:59,7/20/2023 16:05,7/20/2023
Emp-53,Chris Moore,8/31/2023 9:22,8/31/2023 17:03,8/31/2023
Emp-54,Jane Smith,5/28/2023 8:35,5/28/2023 17:50,5/28/2023
Emp-55,Michael Johnson,3/9/2023 9:19,3/9/2023 19:37,3/9/2023
Emp-56,David Wilson,2/1/2023 7:42,2/1/2023 17:05,2/1/2023
Emp-57,Sarah Brown,12/16/2023 9:58,12/16/2023 16:19,12/16/2023
Emp-58,Emily Davis,4/4/2023 9:58,4/4/2023 17:54,4/4/2023
Emp-59,Emily Davis,10/12/2023 9:06,10/12/2023 16:19,10/12/2023
Emp-60,Sarah Brown,12/22/2023 10:14,12/22/2023 19:38,12/22/2023
Emp-61,James Anderson,4/25/2023 8:49,4/25/2023 19:19,4/25/2023
Emp-62,Olivia Martinez,6/22/2023 10:46,6/22/2023 17:42,6/22/2023
Emp-63,Chris Moore,1/1/2023 10:26,1/1/2023 19:04,1/1/2023
Emp-64,David Wilson,10/1/2023 7:44,10/1/2023 18:40,10/1/2023
Emp-65,John Doe,3/20/2023 8:10,3/20/2023 18:09,3/20/2023
Emp-66,Michael Johnson,9/4/2023 10:59,9/4/2023 17:05,9/4/2023
Emp-67,Emily Davis,10/25/2023 10:48,10/25/2023 19:07,10/25/2023
Emp-68,Michael Johnson,10/8/2023 9:34,10/8/2023 18:46,10/8/2023
Emp-69,David Wilson,3/2/2023 8:00,3/2/2023 17:21,3/2/2023
Emp-70,Michael Johnson,3/13/2023 7:37,3/13/2023 19:28,3/13/2023
Emp-71,Chris Moore,11/21/2023 7:41,11/21/2023 17:29,11/21/2023
Emp-72,Olivia Martinez,11/17/2023 9:07,11/17/2023 17:40,11/17/2023
Emp-73,David Wilson,5/3/2023 10:27,5/3/2023 16:10,5/3/2023
Emp-74,John Doe,10/4/2023 10:01,10/4/2023 19:27,10/4/2023
Emp-75,John Doe,7/3/2023 7:22,7/3/2023 19:17,7/3/2023
Emp-76,Michael Johnson,10/13/2023 8:23,10/13/2023 19:30,10/13/2023
Emp-77,James Anderson,11/19/2023 10:38,11/19/2023 19:54,11/19/2023
Emp-78,Emily Davis,6/30/2023 10:14,6/30/2023 16:29,6/30/2023
Emp-79,James Anderson,6/11/2023 8:21,6/11/2023 17:08,6/11/2023
Emp-80,Emily Davis,9/15/2023 10:46,9/15/2023 18:15,9/15/2023
Emp-81,John Doe,5/29/2023 8:31,5/29/2023 16:02,5/29/2023
Emp-82,Olivia Martinez,7/6/2023 9:45,7/6/2023 19:28,7/6/2023
Emp-83,James Anderson,3/7/2023 10:47,3/7/2023 18:53,3/7/2023
Emp-84,David Wilson,8/16/2023 10:16,8/16/2023 17:58,8/16/2023
Emp-85,Chris Moore,12/14/2023 7:08,12/14/2023 19:29,12/14/2023
Emp-86,Olivia Martinez,1/9/2023 8:43,1/9/2023 16:02,1/9/2023
Emp-87,Chris Moore,9/6/2023 9:32,9/6/2023 17:42,9/6/2023
Emp-88,Chris Moore,10/18/2023 7:51,10/18/2023 19:58,10/18/2023
Emp-89,Emily Davis,8/13/2023 7:16,8/13/2023 17:41,8/13/2023
Emp-90,Emily Davis,12/8/2023 10:39,12/8/2023 16:13,12/8/2023
Emp-91,Chris Moore,6/5/2023 7:27,6/5/2023 19:23,6/5/2023
Emp-92,Laura Taylor,12/15/2023 9:01,12/15/2023 19:48,12/15/2023
Emp-93,Olivia Martinez,10/1/2023 10:35,10/1/2023 19:01,10/1/2023
Emp-94,James Anderson,7/12/2023 9:00,7/12/2023 18:41,7/12/2023
Emp-95,James Anderson,10/16/2023 8:04,10/16/2023 18:49,10/16/2023
Emp-96,Sarah Brown,12/18/2023 8:31,12/18/2023 19:42,12/18/2023
Emp-97,James Anderson,1/26/2023 8:41,1/26/2023 17:47,1/26/2023
Emp-98,Laura Taylor,12/12/2023 7:27,12/12/2023 17:08,12/12/2023
Emp-99,Laura Taylor,3/12/2023 7:35,3/12/2023 19:55,3/12/2023
Emp-100,Sarah Brown,5/7/2023 9:23,5/7/2023 18:49,5/7/2023
Emp-101,Jane Smith,2/14/2023 10:13,2/14/2023 17:20,2/14/2023
Emp-102,John Doe,6/24/2023 9:57,6/24/2023 16:23,6/24/2023
Emp-103,Jane Smith,4/4/2023 9:54,4/4/2023 16:13,4/4/2023
Emp-104,Michael Johnson,4/30/2023 7:39,4/30/2023 16:25,4/30/2023
Emp-105,Jane Smith,8/12/2023 7:38,8/12/2023 17:22,8/12/2023
Emp-106,Laura Taylor,2/12/2023 10:17,2/12/2023 17:10,2/12/2023
Emp-107,Michael Johnson,6/19/2023 10:14,6/19/2023 18:52,6/19/2023
Emp-108,Emily Davis,1/28/2023 8:34,1/28/2023 17:23,1/28/2023
Emp-109,James Anderson,1/28/2023 8:03,1/28/2023 16:33,1/28/2023
Emp-110,Michael Johnson,4/5/2023 10:26,4/5/2023 17:12,4/5/2023
Emp-111,Sarah Brown,12/10/2023 8:55,12/10/2023 17:12,12/10/2023
Emp-112,Michael Johnson,3/7/2023 10:18,3/7/2023 16:41,3/7/2023
Emp-113,Chris Moore,5/31/2023 8:58,5/31/2023 19:24,5/31/2023
Emp-114,Chris Moore,10/16/2023 8:16,10/16/2023 16:06,10/16/2023
Emp-115,David Wilson,10/4/2023 10:39,10/4/2023 17:38,10/4/2023
Emp-116,Sarah Brown,3/24/2023 9:37,3/24/2023 19:46,3/24/2023
Emp-117,David Wilson,10/25/2023 10:37,10/25/2023 18:38,10/25/2023
Emp-118,David Wilson,7/7/2023 9:02,7/7/2023 17:39,7/7/2023
Emp-119,Chris Moore,5/21/2023 9:38,5/21/2023 16:30,5/21/2023
Emp-120,Laura Taylor,8/19/2023 8:30,8/19/2023 19:53,8/19/2023
Emp-121,Chris Moore,9/26/2023 9:53,9/26/2023 16:30,9/26/2023
Emp-122,Michael Johnson,1/7/2023 10:40,1/7/2023 16:35,1/7/2023
Emp-123,John Doe,8/13/2023 9:03,8/13/2023 19:30,8/13/2023
Emp-124,Emily Davis,5/3/2023 7:31,5/3/2023 17:03,5/3/2023
Emp-125,David Wilson,10/7/2023 10:08,10/7/2023 18:41,10/7/2023
Emp-126,David Wilson,6/7/2023 10:35,6/7/2023 19:29,6/7/2023
Emp-127,Sarah Brown,2/20/2023 7:22,2/20/2023 19:46,2/20/2023
Emp-128,Olivia Martinez,1/3/2023 9:03,1/3/2023 19:28,1/3/2023
Emp-129,Jane Smith,10/4/2023 9:19,10/4/2023 18:15,10/4/2023
Emp-130,John Doe,1/22/2023 9:51,1/22/2023 17:42,1/22/2023
Emp-131,John Doe,3/7/2023 9:05,3/7/2023 19:07,3/7/2023
Emp-132,Laura Taylor,3/28/2023 7:18,3/28/2023 16:13,3/28/2023
Emp-133,John Doe,8/28/2023 8:26,8/28/2023 16:05,8/28/2023
Emp-134,Sarah Brown,4/16/2023 10:07,4/16/2023 18:13,4/16/2023
Emp-135,Jane Smith,3/25/2023 10:04,3/25/2023 16:25,3/25/2023
Emp-136,Chris Moore,9/19/2023 9:50,9/19/2023 16:35,9/19/2023
Emp-137,John Doe,5/2/2023 10:38,5/2/2023 18:33,5/2/2023
Emp-138,John Doe,6/7/2023 10:40,6/7/2023 18:02,6/7/2023
Emp-139,Michael Johnson,6/21/2023 9:03,6/21/2023 18:37,6/21/2023
Emp-140,James Anderson,4/25/2023 10:16,4/25/2023 18:15,4/25/2023
Emp-141,Sarah Brown,9/19/2023 7:38,9/19/2023 18:02,9/19/2023
Emp-142,Chris Moore,8/28/2023 7:36,8/28/2023 16:57,8/28/2023
Emp-143,Michael Johnson,10/1/2023 8:16,10/1/2023 16:47,10/1/2023
Emp-144,James Anderson,2/10/2023 9:12,2/10/2023 18:59,2/10/2023
Emp-145,Sarah Brown,4/22/2023 7:01,4/22/2023 16:17,4/22/2023
Emp-146,Michael Johnson,4/15/2023 8:26,4/15/2023 17:17,4/15/2023
Emp-147,Sarah Brown,2/22/2023 9:31,2/22/2023 17:03,2/22/2023
Emp-148,David Wilson,3/15/2023 10:58,3/15/2023 16:03,3/15/2023
Emp-149,John Doe,1/7/2023 7:17,1/7/2023 16:12,1/7/2023
Emp-150,Laura Taylor,5/14/2023 9:19,5/14/2023 19:04,5/14/2023
Emp-151,Laura Taylor,5/25/2023 9:00,5/25/2023 16:41,5/25/2023
Emp-152,David Wilson,1/11/2023 7:33,1/11/2023 18:35,1/11/2023
Emp-153,Jane Smith,9/4/2023 7:11,9/4/2023 18:34,9/4/2023
Emp-154,Olivia Martinez,3/10/2023 8:25,3/10/2023 18:42,3/10/2023
Emp-155,Laura Taylor,12/6/2023 7:54,12/6/2023 17:27,12/6/2023
Emp-156,John Doe,5/9/2023 8:39,5/9/2023 19:04,5/9/2023
Emp-157,Laura Taylor,12/17/2023 9:39,12/17/2023 18:10,12/17/2023
Emp-158,Sarah Brown,9/27/2023 9:38,9/27/2023 18:41,9/27/2023
Emp-159,Emily Davis,6/28/2023 7:09,6/28/2023 19:09,6/28/2023
Emp-160,Emily Davis,10/22/2023 8:13,10/22/2023 18:22,10/22/2023
Emp-161,John Doe,1/29/2023 10:26,1/29/2023 17:51,1/29/2023
Emp-162,James Anderson,12/15/2023 10:39,12/15/2023 17:04,12/15/2023
Emp-163,John Doe,8/16/2023 8:50,8/16/2023 19:01,8/16/2023
Emp-164,John Doe,12/28/2023 9:37,12/28/2023 17:09,12/28/2023
Emp-165,Jane Smith,5/11/2023 9:51,5/11/2023 16:21,5/11/2023
Emp-166,James Anderson,11/13/2023 9:52,11/13/2023 18:06,11/13/2023
Emp-167,Jane Smith,2/6/2023 8:19,2/6/2023 17:53,2/6/2023
Emp-168,Laura Taylor,5/26/2023 10:23,5/26/2023 19:47,5/26/2023
Emp-169,John Doe,6/30/2023 7:21,6/30/2023 16:56,6/30/2023
Emp-170,Olivia Martinez,1/9/2023 9:10,1/9/2023 16:05,1/9/2023
Emp-171,John Doe,8/9/2023 7:45,8/9/2023 19:34,8/9/2023
Emp-172,Jane Smith,5/10/2023 8:37,5/10/2023 19:20,5/10/2023
Emp-173,Emily Davis,2/8/2023 10:27,2/8/2023 18:27,2/8/2023
Emp-174,Emily Davis,2/18/2023 7:06,2/18/2023 18:01,2/18/2023
Emp-175,Olivia Martinez,4/22/2023 7:08,4/22/2023 16:13,4/22/2023
Emp-176,James Anderson,10/10/2023 7:13,10/10/2023 18:39,10/10/2023
Emp-177,Chris Moore,6/30/2023 8:19,6/30/2023 17:21,6/30/2023
Emp-178,Jane Smith,8/7/2023 9:14,8/7/2023 18:10,8/7/2023
Emp-179,Emily Davis,3/8/2023 9:36,3/8/2023 16:04,3/8/2023
Emp-180,David Wilson,8/8/2023 10:03,8/8/2023 18:17,8/8/2023
Emp-181,Chris Moore,12/6/2023 7:07,12/6/2023 17:34,12/6/2023
Emp-182,Chris Moore,3/30/2023 7:32,3/30/2023 19:58,3/30/2023
Emp-183,Laura Taylor,7/10/2023 9:50,7/10/2023 16:27,7/10/2023
Emp-184,Olivia Martinez,1/17/2023 8:36,1/17/2023 19:19,1/17/2023
Emp-185,Sarah Brown,2/12/2023 7:20,2/12/2023 18:27,2/12/2023
Emp-186,David Wilson,12/2/2023 7:33,12/2/2023 16:08,12/2/2023
Emp-187,John Doe,5/10/2023 10:21,5/10/2023 16:06,5/10/2023
Emp-188,James Anderson,5/12/2023 7:05,5/12/2023 16:16,5/12/2023
Emp-189,James Anderson,3/17/2023 10:24,3/17/2023 19:59,3/17/2023
Emp-190,James Anderson,11/29/2023 8:03,11/29/2023 17:32,11/29/2023
Emp-191,Emily Davis,8/28/2023 9:35,8/28/2023 19:31,8/28/2023
Emp-192,James Anderson,10/17/2023 8:29,10/17/2023 16:51,10/17/2023
Emp-193,Olivia Martinez,8/5/2023 7:23,8/5/2023 19:27,8/5/2023
Emp-194,John Doe,12/25/2023 8:19,12/25/2023 17:19,12/25/2023
Emp-195,Olivia Martinez,5/20/2023 8:46,5/20/2023 18:08,5/20/2023
Emp-196,Michael Johnson,8/2/2023 10:56,8/2/2023 17:08,8/2/2023
Emp-197,James Anderson,1/27/2023 9:40,1/27/2023 16:09,1/27/2023
Emp-198,Jane Smith,7/17/2023 8:50,7/17/2023 17:32,7/17/2023
Emp-199,Olivia Martinez,7/19/2023 9:57,7/19/2023 16:14,7/19/2023
Emp-200,Michael Johnson,11/25/2023 10:30,11/25/2023 16:19,11/25/2023
Emp-201,Sarah Brown,3/15/2023 10:21,3/15/2023 19:05,3/15/2023
Emp-202,David Wilson,4/2/2023 9:34,4/2/2023 19:27,4/2/2023
Emp-203,Chris Moore,8/24/2023 9:41,8/24/2023 16:37,8/24/2023
Emp-204,Jane Smith,6/24/2023 7:19,6/24/2023 16:07,6/24/2023
Emp-205,Chris Moore,11/18/2023 10:39,11/18/2023 19:05,11/18/2023
Emp-206,Olivia Martinez,12/9/2023 10:51,12/9/2023 16:59,12/9/2023
Emp-207,Michael Johnson,9/29/2023 7:57,9/29/2023 18:12,9/29/2023
Emp-208,Chris Moore,12/25/2023 10:08,12/25/2023 18:11,12/25/2023
Emp-209,David Wilson,7/16/2023 7:37,7/16/2023 19:48,7/16/2023
Emp-210,David Wilson,2/23/2023 9:55,2/23/2023 19:12,2/23/2023
Emp-211,James Anderson,12/24/2023 7:13,12/24/2023 18:32,12/24/2023
Emp-212,Olivia Martinez,3/5/2023 8:02,3/5/2023 18:51,3/5/2023
Emp-213,Sarah Brown,3/6/2023 10:09,3/6/2023 17:47,3/6/2023
Emp-214,Laura Taylor,1/19/2023 10:12,1/19/2023 19:55,1/19/2023
Emp-215,David Wilson,1/10/2023 8:13,1/10/2023 17:49,1/10/2023
Emp-216,David Wilson,8/7/2023 8:18,8/7/2023 16:22,8/7/2023
Emp-217,John Doe,8/18/2023 10:51,8/18/2023 16:23,8/18/2023
Emp-218,Chris Moore,1/8/2023 10:42,1/8/2023 18:08,1/8/2023
Emp-219,Chris Moore,6/22/2023 9:27,6/22/2023 16:09,6/22/2023
Emp-220,Sarah Brown,11/17/2023 8:54,11/17/2023 19:33,11/17/2023
Emp-221,Sarah Brown,10/29/2023 10:43,10/29/2023 16:06,10/29/2023
Emp-222,David Wilson,3/17/2023 7:20,3/17/2023 17:32,3/17/2023
Emp-223,Jane Smith,4/30/2023 7:22,4/30/2023 17:05,4/30/2023
Emp-224,Olivia Martinez,1/21/2023 8:31,1/21/2023 17:20,1/21/2023
Emp-225,David Wilson,6/19/2023 9:42,6/19/2023 18:42,6/19/2023
Emp-226,Chris Moore,8/14/2023 9:50,8/14/2023 16:33,8/14/2023
Emp-227,Laura Taylor,3/2/2023 9:22,3/2/2023 19:43,3/2/2023
Emp-228,John Doe,1/1/2023 9:01,1/1/2023 19:44,1/1/2023
Emp-229,Olivia Martinez,4/19/2023 10:31,4/19/2023 18:46,4/19/2023
Emp-230,Laura Taylor,9/21/2023 9:59,9/21/2023 16:54,9/21/2023
Emp-231,David Wilson,3/11/2023 7:26,3/11/2023 16:37,3/11/2023
Emp-232,James Anderson,4/2/2023 8:12,4/2/2023 16:02,4/2/2023
Emp-233,Jane Smith,9/8/2023 9:13,9/8/2023 17:54,9/8/2023
Emp-234,John Doe,4/8/2023 7:58,4/8/2023 17:41,4/8/2023
Emp-235,Jane Smith,1/5/2023 7:58,1/5/2023 17:58,1/5/2023
Emp-236,Olivia Martinez,10/28/2023 10:55,10/28/2023 19:08,10/28/2023
Emp-237,David Wilson,10/21/2023 10:11,10/21/2023 19:22,10/21/2023
Emp-238,Chris Moore,4/13/2023 10:27,4/13/2023 17:37,4/13/2023
Emp-239,David Wilson,2/24/2023 7:21,2/24/2023 18:54,2/24/2023
Emp-240,Emily Davis,9/26/2023 10:11,9/26/2023 18:08,9/26/2023
Emp-241,David Wilson,11/4/2023 8:46,11/4/2023 17:26,11/4/2023
Emp-242,Laura Taylor,6/25/2023 9:50,6/25/2023 18:20,6/25/2023
Emp-243,John Doe,3/3/2023 9:55,3/3/2023 18:37,3/3/2023
Emp-244,Laura Taylor,2/22/2023 8:57,2/22/2023 18:00,2/22/2023
Emp-245,James Anderson,8/4/2023 8:38,8/4/2023 18:03,8/4/2023
Emp-246,David Wilson,3/25/2023 7:42,3/25/2023 19:51,3/25/2023
Emp-247,Emily Davis,7/12/2023 9:54,7/12/2023 17:22,7/12/2023
Emp-248,Olivia Martinez,7/6/2023 8:13,7/6/2023 18:23,7/6/2023
Emp-249,John Doe,6/17/2023 7:22,6/17/2023 18:48,6/17/2023
Emp-250,James Anderson,8/27/2023 8:49,8/27/2023 19:53,8/27/2023
Emp-251,David Wilson,8/23/2023 9:28,8/23/2023 17:46,8/23/2023
Emp-252,James Anderson,4/30/2023 9:57,4/30/2023 16:08,4/30/2023
Emp-253,James Anderson,11/18/2023 10:56,11/18/2023 18:43,11/18/2023
Emp-254,John Doe,1/24/2023 7:03,1/24/2023 19:56,1/24/2023
Emp-255,Chris Moore,8/7/2023 7:53,8/7/2023 18:30,8/7/2023
Emp-256,John Doe,1/22/2023 7:48,1/22/2023 16:44,1/22/2023
Emp-257,Olivia Martinez,2/5/2023 9:50,2/5/2023 18:21,2/5/2023
Emp-258,Sarah Brown,3/1/2023 7:48,3/1/2023 16:37,3/1/2023
Emp-259,David Wilson,4/20/2023 9:41,4/20/2023 16:17,4/20/2023
Emp-260,Olivia Martinez,10/4/2023 9:00,10/4/2023 16:50,10/4/2023
Emp-261,Chris Moore,4/8/2023 8:35,4/8/2023 17:38,4/8/2023
Emp-262,David Wilson,10/13/2023 7:14,10/13/2023 17:31,10/13/2023
Emp-263,Emily Davis,7/14/2023 9:22,7/14/2023 18:21,7/14/2023
Emp-264,Jane Smith,7/9/2023 7:46,7/9/2023 18:58,7/9/2023
Emp-265,James Anderson,3/31/2023 7:25,3/31/2023 16:46,3/31/2023
Emp-266,Sarah Brown,6/19/2023 8:12,6/19/2023 19:49,6/19/2023
Emp-267,Laura Taylor,7/14/2023 9:10,7/14/2023 16:02,7/14/2023
Emp-268,David Wilson,10/28/2023 10:52,10/28/2023 19:33,10/28/2023
Emp-269,Emily Davis,5/7/2023 10:11,5/7/2023 17:32,5/7/2023
Emp-270,Michael Johnson,9/29/2023 8:27,9/29/2023 16:05,9/29/2023
Emp-271,James Anderson,12/3/2023 8:45,12/3/2023 19:42,12/3/2023
Emp-272,Sarah Brown,12/8/2023 9:50,12/8/2023 19:49,12/8/2023
Emp-273,Chris Moore,8/20/2023 8:17,8/20/2023 17:36,8/20/2023
Emp-274,Jane Smith,10/24/2023 9:11,10/24/2023 19:18,10/24/2023
Emp-275,Olivia Martinez,6/8/2023 7:24,6/8/2023 16:22,6/8/2023
Emp-276,John Doe,1/30/2023 9:13,1/30/2023 19:07,1/30/2023
Emp-277,John Doe,7/20/2023 8:42,7/20/2023 18:19,7/20/2023
Emp-278,Jane Smith,9/23/2023 8:12,9/23/2023 17:35,9/23/2023
Emp-279,Michael Johnson,12/29/2023 9:59,12/29/2023 16:52,12/29/2023
Emp-280,Sarah Brown,7/12/2023 7:06,7/12/2023 19:59,7/12/2023
Emp-281,Chris Moore,11/8/2023 9:15,11/8/2023 19:01,11/8/2023
Emp-282,Emily Davis,12/30/2023 10:00,12/30/2023 19:54,12/30/2023
Emp-283,Michael Johnson,5/1/2023 7:29,5/1/2023 16:31,5/1/2023
Emp-284,Sarah Brown,3/31/2023 10:27,3/31/2023 16:53,3/31/2023
Emp-285,Chris Moore,4/11/2023 7:07,4/11/2023 18:10,4/11/2023
Emp-286,John Doe,5/21/2023 10:41,5/21/2023 17:14,5/21/2023
Emp-287,Chris Moore,9/10/2023 7:33,9/10/2023 19:50,9/10/2023
Emp-288,James Anderson,3/2/2023 7:29,3/2/2023 16:29,3/2/2023
Emp-289,James Anderson,3/28/2023 10:07,3/28/2023 17:13,3/28/2023
Emp-290,Chris Moore,2/4/2023 7:55,2/4/2023 19:52,2/4/2023
Emp-291,David Wilson,11/19/2023 10:40,11/19/2023 18:50,11/19/2023
Emp-292,David Wilson,6/17/2023 7:14,6/17/2023 17:25,6/17/2023
Emp-293,David Wilson,4/30/2023 8:11,4/30/2023 16:40,4/30/2023
Emp-294,Sarah Brown,11/15/2023 10:11,11/15/2023 17:02,11/15/2023
Emp-295,David Wilson,10/9/2023 8:27,10/9/2023 16:02,10/9/2023
Emp-296,Michael Johnson,10/31/2023 10:58,10/31/2023 17:59,10/31/2023
Emp-297,Olivia Martinez,11/6/2023 7:41,11/6/2023 16:09,11/6/2023
Emp-298,Olivia Martinez,3/22/2023 9:15,3/22/2023 18:02,3/22/2023
Emp-299,Sarah Brown,5/18/2023 10:59,5/18/2023 16:55,5/18/2023
Emp-300,Michael Johnson,11/26/2023 10:19,11/26/2023 17:24,11/26/2023
Emp-301,Jane Smith,4/18/2023 10:50,4/18/2023 17:57,4/18/2023
Emp-302,Emily Davis,9/19/2023 10:32,9/19/2023 19:57,9/19/2023
Emp-303,Laura Taylor,2/5/2023 9:03,2/5/2023 16:09,2/5/2023
Emp-304,Sarah Brown,6/3/2023 10:27,6/3/2023 18:42,6/3/2023
Emp-305,Chris Moore,9/30/2023 9:26,9/30/2023 17:19,9/30/2023
Emp-306,Laura Taylor,7/25/2023 10:52,7/25/2023 19:50,7/25/2023
Emp-307,Emily Davis,7/9/2023 7:25,7/9/2023 16:37,7/9/2023
Emp-308,Laura Taylor,5/22/2023 7:23,5/22/2023 18:39,5/22/2023
Emp-309,Emily Davis,6/29/2023 10:14,6/29/2023 18:52,6/29/2023
Emp-310,Laura Taylor,7/14/2023 8:46,7/14/2023 17:53,7/14/2023
Emp-311,Emily Davis,4/18/2023 7:46,4/18/2023 17:45,4/18/2023
Emp-312,Michael Johnson,10/30/2023 10:56,10/30/2023 19:04,10/30/2023
Emp-313,Laura Taylor,9/11/2023 9:05,9/11/2023 17:16,9/11/2023
Emp-314,David Wilson,7/15/2023 10:20,7/15/2023 17:37,7/15/2023
Emp-315,Jane Smith,11/17/2023 10:38,11/17/2023 18:28,11/17/2023
Emp-316,James Anderson,10/28/2023 9:00,10/28/2023 18:47,10/28/2023
Emp-317,David Wilson,2/12/2023 8:22,2/12/2023 16:36,2/12/2023
Emp-318,John Doe,1/27/2023 10:43,1/27/2023 17:13,1/27/2023
Emp-319,Jane Smith,1/5/2023 9:58,1/5/2023 19:23,1/5/2023
Emp-320,Olivia Martinez,6/1/2023 9:03,6/1/2023 16:27,6/1/2023
Emp-321,Chris Moore,10/2/2023 9:36,10/2/2023 17:29,10/2/2023
Emp-322,David Wilson,10/29/2023 9:52,10/29/2023 16:50,10/29/2023
Emp-323,Sarah Brown,3/19/2023 7:34,3/19/2023 18:49,3/19/2023
Emp-324,John Doe,7/6/2023 10:48,7/6/2023 19:19,7/6/2023
Emp-325,John Doe,4/2/2023 10:24,4/2/2023 18:02,4/2/2023
Emp-326,David Wilson,2/1/2023 9:44,2/1/2023 16:10,2/1/2023
Emp-327,Michael Johnson,6/10/2023 9:46,6/10/2023 19:23,6/10/2023
Emp-328,Laura Taylor,8/14/2023 7:30,8/14/2023 17:07,8/14/2023
Emp-329,James Anderson,11/21/2023 8:54,11/21/2023 16:55,11/21/2023
Emp-330,Jane Smith,5/13/2023 7:19,5/13/2023 16:26,5/13/2023
Emp-331,John Doe,10/28/2023 9:53,10/28/2023 16:31,10/28/2023
Emp-332,Olivia Martinez,5/30/2023 10:57,5/30/2023 18:53,5/30/2023
Emp-333,Jane Smith,12/26/2023 7:21,12/26/2023 18:54,12/26/2023
Emp-334,Emily Davis,9/2/2023 9:04,9/2/2023 19:06,9/2/2023
Emp-335,Laura Taylor,4/13/2023 8:40,4/13/2023 16:38,4/13/2023
Emp-336,Jane Smith,3/2/2023 10:34,3/2/2023 19:12,3/2/2023
Emp-337,James Anderson,6/2/2023 7:58,6/2/2023 17:01,6/2/2023
Emp-338,Chris Moore,8/21/2023 10:05,8/21/2023 17:50,8/21/2023
Emp-339,Jane Smith,4/19/2023 7:34,4/19/2023 16:56,4/19/2023
Emp-340,Olivia Martinez,11/19/2023 9:01,11/19/2023 16:18,11/19/2023
Emp-341,Emily Davis,6/3/2023 8:59,6/3/2023 19:17,6/3/2023
Emp-342,Olivia Martinez,12/22/2023 10:01,12/22/2023 17:57,12/22/2023
Emp-343,Jane Smith,2/13/2023 7:38,2/13/2023 19:52,2/13/2023
Emp-344,Sarah Brown,12/10/2023 9:44,12/10/2023 17:28,12/10/2023
Emp-345,David Wilson,10/12/2023 7:30,10/12/2023 16:16,10/12/2023
Emp-346,Michael Johnson,8/20/2023 9:21,8/20/2023 18:03,8/20/2023
Emp-347,Jane Smith,6/15/2023 9:32,6/15/2023 17:26,6/15/2023
Emp-348,Sarah Brown,8/5/2023 7:31,8/5/2023 16:27,8/5/2023
Emp-349,James Anderson,3/24/2023 7:48,3/24/2023 17:14,3/24/2023
Emp-350,Emily Davis,8/19/2023 9:55,8/19/2023 19:33,8/19/2023
Emp-351,Sarah Brown,10/24/2023 7:33,10/24/2023 16:39,10/24/2023
Emp-352,David Wilson,3/2/2023 7:49,3/2/2023 17:10,3/2/2023
Emp-353,John Doe,1/7/2023 9:18,1/7/2023 16:30,1/7/2023
Emp-354,Laura Taylor,10/12/2023 7:05,10/12/2023 19:42,10/12/2023
Emp-355,James Anderson,12/10/2023 10:32,12/10/2023 19:41,12/10/2023
Emp-356,Michael Johnson,9/4/2023 8:20,9/4/2023 18:40,9/4/2023
Emp-357,John Doe,10/29/2023 8:47,10/29/2023 17:27,10/29/2023
Emp-358,Michael Johnson,4/15/2023 8:03,4/15/2023 17:41,4/15/2023
Emp-359,Emily Davis,2/16/2023 9:36,2/16/2023 19:38,2/16/2023
Emp-360,John Doe,8/28/2023 8:58,8/28/2023 16:41,8/28/2023
Emp-361,David Wilson,12/29/2023 7:56,12/29/2023 18:58,12/29/2023
Emp-362,Michael Johnson,5/27/2023 7:16,5/27/2023 16:33,5/27/2023
Emp-363,Laura Taylor,3/1/2023 8:50,3/1/2023 17:17,3/1/2023
Emp-364,Jane Smith,2/18/2023 10:37,2/18/2023 16:07,2/18/2023
Emp-365,David Wilson,5/5/2023 8:32,5/5/2023 17:19,5/5/2023
Emp-366,Chris Moore,5/23/2023 10:05,5/23/2023 16:08,5/23/2023
Emp-367,David Wilson,10/1/2023 10:04,10/1/2023 17:40,10/1/2023
Emp-368,Olivia Martinez,2/18/2023 9:15,2/18/2023 19:25,2/18/2023
Emp-369,Jane Smith,12/19/2023 7:29,12/19/2023 19:10,12/19/2023
Emp-370,James Anderson,2/14/2023 7:23,2/14/2023 19:24,2/14/2023
Emp-371,Sarah Brown,2/1/2023 7:22,2/1/2023 16:10,2/1/2023
Emp-372,Emily Davis,6/25/2023 8:02,6/25/2023 17:20,6/25/2023
Emp-373,David Wilson,8/1/2023 7:58,8/1/2023 16:49,8/1/2023
Emp-374,David Wilson,11/28/2023 9:26,11/28/2023 19:40,11/28/2023
Emp-375,Michael Johnson,4/13/2023 7:49,4/13/2023 16:04,4/13/2023
Emp-376,Olivia Martinez,5/26/2023 7:11,5/26/2023 17:41,5/26/2023
Emp-377,Laura Taylor,11/9/2023 9:34,11/9/2023 19:14,11/9/2023
Emp-378,David Wilson,4/21/2023 8:21,4/21/2023 16:19,4/21/2023
Emp-379,Jane Smith,3/9/2023 7:39,3/9/2023 17:52,3/9/2023
Emp-380,Emily Davis,7/23/2023 8:54,7/23/2023 19:45,7/23/2023
Emp-381,Michael Johnson,5/26/2023 7:08,5/26/2023 16:55,5/26/2023
Emp-382,Michael Johnson,5/20/2023 9:01,5/20/2023 16:17,5/20/2023
Emp-383,Michael Johnson,8/15/2023 8:23,8/15/2023 17:04,8/15/2023
Emp-384,Emily Davis,8/12/2023 10:07,8/12/2023 17:13,8/12/2023
Emp-385,John Doe,4/13/2023 10:26,4/13/2023 18:05,4/13/2023
Emp-386,Olivia Martinez,6/24/2023 9:11,6/24/2023 18:13,6/24/2023
Emp-387,David Wilson,9/6/2023 7:13,9/6/2023 16:53,9/6/2023
Emp-388,Olivia Martinez,12/23/2023 9:08,12/23/2023 19:40,12/23/2023
Emp-389,David Wilson,6/18/2023 9:00,6/18/2023 19:08,6/18/2023
Emp-390,Michael Johnson,11/25/2023 9:01,11/25/2023 18:21,11/25/2023
Emp-391,John Doe,5/15/2023 9:00,5/15/2023 18:23,5/15/2023
Emp-392,Olivia Martinez,1/13/2023 8:48,1/13/2023 19:13,1/13/2023
Emp-393,Olivia Martinez,10/22/2023 8:11,10/22/2023 16:12,10/22/2023
Emp-394,Jane Smith,4/20/2023 7:43,4/20/2023 19:01,4/20/2023
Emp-395,Emily Davis,8/11/2023 10:47,8/11/2023 17:08,8/11/2023
Emp-396,John Doe,11/15/2023 9:54,11/15/2023 16:56,11/15/2023
Emp-397,James Anderson,7/5/2023 7:22,7/5/2023 18:46,7/5/2023
Emp-398,Sarah Brown,8/27/2023 7:09,8/27/2023 17:13,8/27/2023
Emp-399,James Anderson,9/5/2023 8:13,9/5/2023 16:06,9/5/2023
Emp-400,Emily Davis,1/11/2023 9:30,1/11/2023 19:15,1/11/2023
Emp-401,Chris Moore,5/19/2023 8:56,5/19/2023 19:43,5/19/2023
Emp-402,Chris Moore,7/3/2023 9:04,7/3/2023 18:39,7/3/2023
Emp-403,Sarah Brown,6/12/2023 8:56,6/12/2023 18:52,6/12/2023
Emp-404,James Anderson,11/14/2023 8:51,11/14/2023 18:52,11/14/2023
Emp-405,James Anderson,4/14/2023 10:53,4/14/2023 16:31,4/14/2023
Emp-406,Michael Johnson,2/1/2023 7:43,2/1/2023 16:30,2/1/2023
Emp-407,Emily Davis,10/14/2023 7:19,10/14/2023 19:20,10/14/2023
Emp-408,Michael Johnson,11/2/2023 9:37,11/2/2023 18:09,11/2/2023
Emp-409,Olivia Martinez,9/8/2023 8:28,9/8/2023 16:02,9/8/2023
Emp-410,Jane Smith,2/25/2023 9:04,2/25/2023 18:06,2/25/2023
Emp-411,John Doe,8/26/2023 9:53,8/26/2023 18:56,8/26/2023
Emp-412,Chris Moore,8/11/2023 9:07,8/11/2023 17:25,8/11/2023
Emp-413,Michael Johnson,5/29/2023 7:38,5/29/2023 18:38,5/29/2023
Emp-414,Chris Moore,2/18/2023 8:46,2/18/2023 19:21,2/18/2023
Emp-415,David Wilson,2/13/2023 7:53,2/13/2023 17:18,2/13/2023
Emp-416,James Anderson,9/19/2023 10:26,9/19/2023 18:22,9/19/2023
Emp-417,Olivia Martinez,7/7/2023 8:34,7/7/2023 16:05,7/7/2023
Emp-418,John Doe,3/14/2023 8:40,3/14/2023 16:31,3/14/2023
Emp-419,Emily Davis,1/4/2023 10:54,1/4/2023 16:43,1/4/2023
Emp-420,John Doe,8/6/2023 10:07,8/6/2023 17:36,8/6/2023
Emp-421,Jane Smith,7/20/2023 7:55,7/20/2023 16:43,7/20/2023
Emp-422,Emily Davis,2/9/2023 7:33,2/9/2023 17:45,2/9/2023
Emp-423,Emily Davis,5/13/2023 10:54,5/13/2023 16:52,5/13/2023
Emp-424,Jane Smith,4/6/2023 7:23,4/6/2023 16:25,4/6/2023
Emp-425,Michael Johnson,10/10/2023 7:41,10/10/2023 16:41,10/10/2023
Emp-426,Olivia Martinez,7/14/2023 7:21,7/14/2023 18:21,7/14/2023
Emp-427,Michael Johnson,7/24/2023 8:33,7/24/2023 18:29,7/24/2023
Emp-428,James Anderson,4/27/2023 10:48,4/27/2023 17:38,4/27/2023
Emp-429,Sarah Brown,2/25/2023 8:40,2/25/2023 17:56,2/25/2023
Emp-430,Emily Davis,2/2/2023 9:43,2/2/2023 16:14,2/2/2023
Emp-431,Sarah Brown,7/21/2023 8:34,7/21/2023 17:01,7/21/2023
Emp-432,Jane Smith,11/26/2023 9:47,11/26/2023 16:18,11/26/2023
Emp-433,John Doe,2/27/2023 9:28,2/27/2023 18:47,2/27/2023
Emp-434,Laura Taylor,7/21/2023 10:20,7/21/2023 18:55,7/21/2023
Emp-435,Olivia Martinez,9/9/2023 8:01,9/9/2023 19:57,9/9/2023
Emp-436,Sarah Brown,6/26/2023 8:27,6/26/2023 17:41,6/26/2023
Emp-437,Michael Johnson,7/14/2023 8:46,7/14/2023 19:38,7/14/2023
Emp-438,Olivia Martinez,11/16/2023 7:17,11/16/2023 16:16,11/16/2023
Emp-439,Olivia Martinez,6/4/2023 7:32,6/4/2023 19:53,6/4/2023
Emp-440,Emily Davis,7/19/2023 9:25,7/19/2023 18:47,7/19/2023
Emp-441,Sarah Brown,12/11/2023 8:12,12/11/2023 17:59,12/11/2023
Emp-442,Olivia Martinez,6/10/2023 7:32,6/10/2023 19:47,6/10/2023
Emp-443,John Doe,7/4/2023 9:34,7/4/2023 17:57,7/4/2023
Emp-444,John Doe,6/20/2023 7:35,6/20/2023 16:06,6/20/2023
Emp-445,David Wilson,10/4/2023 10:06,10/4/2023 16:21,10/4/2023
Emp-446,Laura Taylor,11/7/2023 7:17,11/7/2023 19:46,11/7/2023
Emp-447,Laura Taylor,11/3/2023 8:17,11/3/2023 19:12,11/3/2023
Emp-448,Chris Moore,5/7/2023 10:06,5/7/2023 17:16,5/7/2023
Emp-449,Olivia Martinez,12/20/2023 9:49,12/20/2023 18:10,12/20/2023
Emp-450,Olivia Martinez,5/5/2023 10:35,5/5/2023 17:22,5/5/2023
Emp-451,Sarah Brown,12/25/2023 10:15,12/25/2023 17:26,12/25/2023
Emp-452,Sarah Brown,1/20/2023 9:59,1/20/2023 16:44,1/20/2023
Emp-453,James Anderson,7/24/2023 8:03,7/24/2023 16:59,7/24/2023
Emp-454,Laura Taylor,10/11/2023 8:41,10/11/2023 19:47,10/11/2023
Emp-455,Laura Taylor,2/18/2023 7:53,2/18/2023 18:47,2/18/2023
Emp-456,Sarah Brown,5/31/2023 10:00,5/31/2023 19:33,5/31/2023
Emp-457,Chris Moore,1/28/2023 8:24,1/28/2023 18:12,1/28/2023
Emp-458,David Wilson,11/6/2023 10:27,11/6/2023 18:39,11/6/2023
Emp-459,David Wilson,8/26/2023 8:27,8/26/2023 17:11,8/26/2023
Emp-460,Laura Taylor,4/26/2023 10:21,4/26/2023 18:45,4/26/2023
Emp-461,Laura Taylor,10/22/2023 8:52,10/22/2023 17:35,10/22/2023
Emp-462,John Doe,9/2/2023 8:05,9/2/2023 19:35,9/2/2023
Emp-463,Chris Moore,1/8/2023 9:36,1/8/2023 16:20,1/8/2023
Emp-464,Chris Moore,12/24/2023 8:24,12/24/2023 19:38,12/24/2023
Emp-465,Sarah Brown,1/16/2023 8:00,1/16/2023 18:02,1/16/2023
Emp-466,David Wilson,9/4/2023 8:08,9/4/2023 18:11,9/4/2023
Emp-467,Michael Johnson,10/6/2023 10:16,10/6/2023 19:46,10/6/2023
Emp-468,David Wilson,10/6/2023 8:15,10/6/2023 19:34,10/6/2023
Emp-469,David Wilson,1/8/2023 7:26,1/8/2023 16:15,1/8/2023
Emp-470,Sarah Brown,11/28/2023 8:35,11/28/2023 19:53,11/28/2023
Emp-471,Chris Moore,9/12/2023 7:29,9/12/2023 19:03,9/12/2023
Emp-472,Jane Smith,8/5/2023 9:02,8/5/2023 19:23,8/5/2023
Emp-473,James Anderson,5/5/2023 8:22,5/5/2023 19:30,5/5/2023
Emp-474,Emily Davis,1/6/2023 8:25,1/6/2023 19:22,1/6/2023
Emp-475,Laura Taylor,7/16/2023 7:24,7/16/2023 16:29,7/16/2023
Emp-476,Emily Davis,3/17/2023 7:07,3/17/2023 16:48,3/17/2023
Emp-477,Emily Davis,10/7/2023 8:42,10/7/2023 17:19,10/7/2023
Emp-478,John Doe,8/1/2023 7:38,8/1/2023 18:39,8/1/2023
Emp-479,Chris Moore,5/11/2023 7:03,5/11/2023 16:24,5/11/2023
Emp-480,Olivia Martinez,4/18/2023 8:43,4/18/2023 17:23,4/18/2023
Emp-481,Olivia Martinez,9/2/2023 9:20,9/2/2023 16:38,9/2/2023
Emp-482,Jane Smith,4/22/2023 8:22,4/22/2023 18:18,4/22/2023
Emp-483,John Doe,6/25/2023 9:01,6/25/2023 18:12,6/25/2023
Emp-484,James Anderson,4/27/2023 8:32,4/27/2023 19:36,4/27/2023
Emp-485,Laura Taylor,5/26/2023 10:06,5/26/2023 19:28,5/26/2023
Emp-486,Chris Moore,6/24/2023 8:07,6/24/2023 19:41,6/24/2023
Emp-487,David Wilson,9/3/2023 10:52,9/3/2023 18:33,9/3/2023
Emp-488,John Doe,4/5/2023 7:29,4/5/2023 18:20,4/5/2023
Emp-489,Laura Taylor,1/15/2023 10:34,1/15/2023 16:37,1/15/2023
Emp-490,James Anderson,7/14/2023 8:12,7/14/2023 19:29,7/14/2023
Emp-491,Laura Taylor,12/14/2023 7:55,12/14/2023 16:27,12/14/2023
Emp-492,Jane Smith,10/7/2023 10:04,10/7/2023 16:41,10/7/2023
Emp-493,Jane Smith,4/25/2023 10:18,4/25/2023 18:34,4/25/2023
Emp-494,Sarah Brown,2/22/2023 8:12,2/22/2023 16:20,2/22/2023
Emp-495,Emily Davis,9/7/2023 8:42,9/7/2023 18:30,9/7/2023
Emp-496,Emily Davis,4/12/2023 7:44,4/12/2023 19:59,4/12/2023
Emp-497,Emily Davis,7/22/2023 7:15,7/22/2023 17:11,7/22/2023
Emp-498,David Wilson,9/24/2023 8:53,9/24/2023 17:31,9/24/2023
Emp-499,Jane Smith,5/26/2023 9:55,5/26/2023 16:11,5/26/2023
Emp-500,Jane Smith,1/26/2023 8:57,1/26/2023 18:10,1/26/2023
Emp-501,Emily Davis,12/23/2023 9:47,12/23/2023 17:25,12/23/2023
Emp-502,Jane Smith,10/6/2023 7:03,10/6/2023 18:07,10/6/2023
Emp-503,Chris Moore,5/14/2023 9:54,5/14/2023 18:44,5/14/2023
Emp-504,Chris Moore,7/2/2023 7:32,7/2/2023 19:52,7/2/2023
Emp-505,Emily Davis,2/17/2023 9:39,2/17/2023 18:01,2/17/2023
Emp-506,Emily Davis,10/13/2023 8:52,10/13/2023 18:28,10/13/2023
Emp-507,Michael Johnson,9/1/2023 9:03,9/1/2023 18:28,9/1/2023
Emp-508,Jane Smith,9/14/2023 7:13,9/14/2023 18:05,9/14/2023
Emp-509,Chris Moore,2/4/2023 8:57,2/4/2023 16:47,2/4/2023
Emp-510,Jane Smith,4/21/2023 9:19,4/21/2023 19:12,4/21/2023
Emp-511,Laura Taylor,6/16/2023 10:07,6/16/2023 17:24,6/16/2023
Emp-512,Laura Taylor,2/17/2023 10:47,2/17/2023 19:14,2/17/2023
Emp-513,Olivia Martinez,12/23/2023 8:34,12/23/2023 16:52,12/23/2023
Emp-514,Sarah Brown,1/24/2023 8:02,1/24/2023 17:10,1/24/2023
Emp-515,John Doe,12/6/2023 10:54,12/6/2023 16:52,12/6/2023
Emp-516,Michael Johnson,1/16/2023 10:54,1/16/2023 19:19,1/16/2023
Emp-517,David Wilson,12/23/2023 10:40,12/23/2023 18:54,12/23/2023
Emp-518,Olivia Martinez,2/13/2023 10:21,2/13/2023 16:54,2/13/2023
Emp-519,Olivia Martinez,11/9/2023 7:40,11/9/2023 17:56,11/9/2023
Emp-520,Jane Smith,9/20/2023 8:07,9/20/2023 17:59,9/20/2023
Emp-521,Olivia Martinez,5/6/2023 8:21,5/6/2023 19:00,5/6/2023
Emp-522,Jane Smith,1/22/2023 8:16,1/22/2023 16:24,1/22/2023
Emp-523,Sarah Brown,7/26/2023 7:11,7/26/2023 18:27,7/26/2023
Emp-524,Chris Moore,3/1/2023 10:07,3/1/2023 16:53,3/1/2023
Emp-525,Michael Johnson,1/3/2023 9:13,1/3/2023 17:58,1/3/2023
Emp-526,Olivia Martinez,2/14/2023 7:39,2/14/2023 17:54,2/14/2023
Emp-527,Sarah Brown,5/25/2023 7:00,5/25/2023 18:20,5/25/2023
Emp-528,David Wilson,6/1/2023 7:17,6/1/2023 18:22,6/1/2023
Emp-529,John Doe,10/10/2023 7:50,10/10/2023 16:51,10/10/2023
Emp-530,Laura Taylor,7/13/2023 9:40,7/13/2023 16:09,7/13/2023
Emp-531,Emily Davis,10/3/2023 10:47,10/3/2023 19:33,10/3/2023
Emp-532,Chris Moore,1/16/2023 7:53,1/16/2023 19:28,1/16/2023
Emp-533,James Anderson,8/30/2023 7:38,8/30/2023 18:02,8/30/2023
Emp-534,Michael Johnson,6/11/2023 9:51,6/11/2023 17:42,6/11/2023
Emp-535,James Anderson,12/19/2023 7:43,12/19/2023 17:22,12/19/2023
Emp-536,Emily Davis,1/2/2023 7:20,1/2/2023 17:36,1/2/2023
Emp-537,Sarah Brown,2/19/2023 9:49,2/19/2023 16:32,2/19/2023
Emp-538,Emily Davis,5/9/2023 8:59,5/9/2023 17:02,5/9/2023
Emp-539,Sarah Brown,7/9/2023 8:27,7/9/2023 17:32,7/9/2023
Emp-540,David Wilson,8/5/2023 7:02,8/5/2023 18:54,8/5/2023
Emp-541,Olivia Martinez,7/22/2023 9:23,7/22/2023 19:13,7/22/2023
Emp-542,Laura Taylor,1/22/2023 10:29,1/22/2023 17:26,1/22/2023
Emp-543,Jane Smith,8/31/2023 8:39,8/31/2023 19:33,8/31/2023
Emp-544,James Anderson,11/11/2023 10:51,11/11/2023 18:08,11/11/2023
Emp-545,Emily Davis,9/8/2023 9:33,9/8/2023 19:19,9/8/2023
Emp-546,Jane Smith,11/22/2023 9:58,11/22/2023 18:17,11/22/2023
Emp-547,Jane Smith,10/1/2023 8:42,10/1/2023 19:25,10/1/2023
Emp-548,John Doe,10/21/2023 8:07,10/21/2023 19:01,10/21/2023
Emp-549,John Doe,6/9/2023 10:31,6/9/2023 17:49,6/9/2023
Emp-550,Jane Smith,9/11/2023 10:38,9/11/2023 18:09,9/11/2023
Emp-551,Michael Johnson,7/24/2023 7:27,7/24/2023 17:04,7/24/2023
Emp-552,John Doe,6/2/2023 8:44,6/2/2023 16:04,6/2/2023
Emp-553,Chris Moore,9/6/2023 9:23,9/6/2023 16:02,9/6/2023
Emp-554,Emily Davis,7/27/2023 10:31,7/27/2023 18:32,7/27/2023
Emp-555,Michael Johnson,5/22/2023 10:03,5/22/2023 18:50,5/22/2023
Emp-556,Olivia Martinez,6/14/2023 10:17,6/14/2023 19:40,6/14/2023
Emp-557,John Doe,11/24/2023 8:27,11/24/2023 18:06,11/24/2023
Emp-558,Olivia Martinez,5/10/2023 7:49,5/10/2023 17:58,5/10/2023
Emp-559,James Anderson,1/13/2023 10:30,1/13/2023 16:03,1/13/2023
Emp-560,Michael Johnson,5/8/2023 10:28,5/8/2023 19:17,5/8/2023
Emp-561,Michael Johnson,10/21/2023 10:58,10/21/2023 17:51,10/21/2023
Emp-562,Emily Davis,11/9/2023 8:05,11/9/2023 17:02,11/9/2023
Emp-563,David Wilson,4/12/2023 7:18,4/12/2023 17:50,4/12/2023
Emp-564,John Doe,9/12/2023 9:04,9/12/2023 16:04,9/12/2023
Emp-565,Emily Davis,10/2/2023 8:53,10/2/2023 19:05,10/2/2023
Emp-566,James Anderson,2/3/2023 7:28,2/3/2023 19:42,2/3/2023
Emp-567,Emily Davis,4/26/2023 10:08,4/26/2023 17:38,4/26/2023
Emp-568,Jane Smith,11/24/2023 8:21,11/24/2023 16:22,11/24/2023
Emp-569,Michael Johnson,6/23/2023 10:44,6/23/2023 18:50,6/23/2023
Emp-570,Michael Johnson,12/27/2023 10:12,12/27/2023 18:42,12/27/2023
Emp-571,Sarah Brown,6/28/2023 9:58,6/28/2023 18:01,6/28/2023
Emp-572,David Wilson,11/29/2023 9:27,11/29/2023 18:01,11/29/2023
Emp-573,Olivia Martinez,7/8/2023 10:10,7/8/2023 19:06,7/8/2023
Emp-574,Emily Davis,4/7/2023 7:38,4/7/2023 18:46,4/7/2023
Emp-575,Jane Smith,7/8/2023 10:57,7/8/2023 17:15,7/8/2023
Emp-576,Olivia Martinez,10/4/2023 7:40,10/4/2023 19:46,10/4/2023
Emp-577,David Wilson,2/4/2023 8:29,2/4/2023 17:03,2/4/2023
Emp-578,Jane Smith,6/18/2023 10:07,6/18/2023 18:59,6/18/2023
Emp-579,David Wilson,4/20/2023 9:29,4/20/2023 16:58,4/20/2023
Emp-580,Sarah Brown,11/11/2023 8:01,11/11/2023 18:38,11/11/2023
Emp-581,Michael Johnson,12/12/2023 8:13,12/12/2023 17:10,12/12/2023
Emp-582,Olivia Martinez,3/10/2023 8:32,3/10/2023 19:13,3/10/2023
Emp-583,John Doe,6/9/2023 9:30,6/9/2023 19:24,6/9/2023
Emp-584,Laura Taylor,6/16/2023 10:15,6/16/2023 18:06,6/16/2023
Emp-585,David Wilson,11/12/2023 8:36,11/12/2023 18:47,11/12/2023
Emp-586,Sarah Brown,8/11/2023 7:50,8/11/2023 19:58,8/11/2023
Emp-587,Emily Davis,4/9/2023 10:23,4/9/2023 19:42,4/9/2023
Emp-588,James Anderson,8/15/2023 7:35,8/15/2023 18:53,8/15/2023
Emp-589,Chris Moore,2/26/2023 10:29,2/26/2023 16:00,2/26/2023
Emp-590,Jane Smith,12/8/2023 8:52,12/8/2023 17:49,12/8/2023
Emp-591,James Anderson,1/3/2023 9:45,1/3/2023 17:43,1/3/2023
Emp-592,James Anderson,8/1/2023 10:23,8/1/2023 17:40,8/1/2023
Emp-593,Sarah Brown,7/29/2023 9:56,7/29/2023 17:43,7/29/2023
Emp-594,Jane Smith,11/3/2023 8:02,11/3/2023 19:18,11/3/2023
Emp-595,Olivia Martinez,3/3/2023 9:47,3/3/2023 16:20,3/3/2023
Emp-596,Michael Johnson,9/7/2023 10:02,9/7/2023 17:51,9/7/2023
Emp-597,David Wilson,1/5/2023 10:15,1/5/2023 19:34,1/5/2023
Emp-598,Sarah Brown,6/2/2023 8:13,6/2/2023 16:33,6/2/2023
Emp-599,James Anderson,1/2/2023 10:49,1/2/2023 17:27,1/2/2023
Emp-600,Emily Davis,5/4/2023 8:16,5/4/2023 16:29,5/4/2023
Emp-601,David Wilson,8/18/2023 9:09,8/18/2023 16:12,8/18/2023
Emp-602,Olivia Martinez,9/29/2023 9:40,9/29/2023 19:12,9/29/2023
Emp-603,Chris Moore,8/29/2023 7:34,8/29/2023 17:32,8/29/2023
Emp-604,Chris Moore,11/27/2023 9:10,11/27/2023 17:35,11/27/2023
Emp-605,James Anderson,8/30/2023 8:15,8/30/2023 19:02,8/30/2023
Emp-606,Jane Smith,12/10/2023 10:43,12/10/2023 18:59,12/10/2023
Emp-607,Laura Taylor,7/17/2023 7:26,7/17/2023 18:46,7/17/2023
Emp-608,Michael Johnson,12/9/2023 8:33,12/9/2023 19:08,12/9/2023
Emp-609,David Wilson,9/18/2023 10:17,9/18/2023 19:31,9/18/2023
Emp-610,Jane Smith,11/1/2023 7:15,11/1/2023 16:59,11/1/2023
Emp-611,John Doe,8/31/2023 7:29,8/31/2023 18:52,8/31/2023
Emp-612,Emily Davis,3/15/2023 9:35,3/15/2023 16:17,3/15/2023
Emp-613,Jane Smith,12/23/2023 8:46,12/23/2023 19:26,12/23/2023
Emp-614,Laura Taylor,11/15/2023 9:27,11/15/2023 18:59,11/15/2023
Emp-615,Sarah Brown,12/5/2023 10:36,12/5/2023 19:12,12/5/2023
Emp-616,Laura Taylor,3/1/2023 9:27,3/1/2023 16:18,3/1/2023
Emp-617,Laura Taylor,4/11/2023 9:36,4/11/2023 19:33,4/11/2023
Emp-618,Chris Moore,3/22/2023 8:22,3/22/2023 19:05,3/22/2023
Emp-619,James Anderson,1/8/2023 7:06,1/8/2023 18:38,1/8/2023
Emp-620,David Wilson,4/4/2023 10:31,4/4/2023 16:13,4/4/2023
Emp-621,Sarah Brown,3/8/2023 9:44,3/8/2023 18:19,3/8/2023
Emp-622,Emily Davis,7/23/2023 8:11,7/23/2023 17:15,7/23/2023
Emp-623,Laura Taylor,1/14/2023 8:20,1/14/2023 17:46,1/14/2023
Emp-624,Laura Taylor,11/17/2023 9:54,11/17/2023 18:08,11/17/2023
Emp-625,Chris Moore,7/17/2023 10:16,7/17/2023 18:19,7/17/2023
Emp-626,James Anderson,3/9/2023 10:52,3/9/2023 19:30,3/9/2023
Emp-627,Emily Davis,2/2/2023 8:03,2/2/2023 17:56,2/2/2023
Emp-628,John Doe,8/21/2023 10:08,8/21/2023 17:07,8/21/2023
Emp-629,Olivia Martinez,6/28/2023 10:44,6/28/2023 18:34,6/28/2023
Emp-630,Michael Johnson,3/31/2023 7:23,3/31/2023 18:01,3/31/2023
Emp-631,Michael Johnson,1/19/2023 8:26,1/19/2023 18:48,1/19/2023
Emp-632,Emily Davis,1/17/2023 10:30,1/17/2023 18:01,1/17/2023
Emp-633,Olivia Martinez,3/16/2023 9:46,3/16/2023 17:37,3/16/2023
Emp-634,James Anderson,12/3/2023 8:53,12/3/2023 16:24,12/3/2023
Emp-635,Emily Davis,5/29/2023 7:30,5/29/2023 19:46,5/29/2023
Emp-636,David Wilson,8/2/2023 9:59,8/2/2023 17:30,8/2/2023
Emp-637,David Wilson,1/20/2023 8:23,1/20/2023 18:32,1/20/2023
Emp-638,John Doe,3/29/2023 7:51,3/29/2023 18:08,3/29/2023
Emp-639,Olivia Martinez,1/25/2023 9:49,1/25/2023 17:47,1/25/2023
Emp-640,Sarah Brown,3/26/2023 8:34,3/26/2023 19:05,3/26/2023
Emp-641,Jane Smith,11/8/2023 8:15,11/8/2023 16:36,11/8/2023
Emp-642,Emily Davis,10/26/2023 7:08,10/26/2023 17:46,10/26/2023
Emp-643,Emily Davis,6/7/2023 7:39,6/7/2023 18:25,6/7/2023
Emp-644,David Wilson,4/9/2023 8:48,4/9/2023 18:46,4/9/2023
Emp-645,Chris Moore,12/8/2023 8:20,12/8/2023 18:42,12/8/2023
Emp-646,Michael Johnson,7/1/2023 8:37,7/1/2023 17:58,7/1/2023
Emp-647,Emily Davis,10/2/2023 7:14,10/2/2023 16:33,10/2/2023
Emp-648,David Wilson,3/15/2023 8:18,3/15/2023 18:59,3/15/2023
Emp-649,Sarah Brown,9/14/2023 10:08,9/14/2023 19:33,9/14/2023
Emp-650,John Doe,7/14/2023 9:47,7/14/2023 18:10,7/14/2023
Emp-651,Laura Taylor,2/13/2023 8:22,2/13/2023 16:25,2/13/2023
Emp-652,Jane Smith,10/14/2023 8:02,10/14/2023 19:20,10/14/2023
Emp-653,Jane Smith,3/28/2023 9:46,3/28/2023 18:18,3/28/2023
Emp-654,Emily Davis,5/4/2023 7:08,5/4/2023 18:27,5/4/2023
Emp-655,David Wilson,9/2/2023 7:27,9/2/2023 19:04,9/2/2023
Emp-656,John Doe,1/13/2023 10:55,1/13/2023 18:47,1/13/2023
Emp-657,Chris Moore,3/14/2023 7:27,3/14/2023 17:17,3/14/2023
Emp-658,Chris Moore,9/12/2023 9:32,9/12/2023 17:42,9/12/2023
Emp-659,Sarah Brown,11/15/2023 9:08,11/15/2023 17:29,11/15/2023
Emp-660,James Anderson,9/7/2023 9:35,9/7/2023 16:12,9/7/2023
Emp-661,Laura Taylor,7/9/2023 10:36,7/9/2023 16:03,7/9/2023
Emp-662,Sarah Brown,5/19/2023 10:03,5/19/2023 19:49,5/19/2023
Emp-663,Laura Taylor,4/30/2023 10:38,4/30/2023 18:18,4/30/2023
Emp-664,John Doe,8/9/2023 7:21,8/9/2023 17:33,8/9/2023
Emp-665,Laura Taylor,11/1/2023 9:17,11/1/2023 18:23,11/1/2023
Emp-666,David Wilson,3/22/2023 9:06,3/22/2023 17:48,3/22/2023
Emp-667,James Anderson,12/5/2023 7:39,12/5/2023 16:54,12/5/2023
Emp-668,John Doe,3/26/2023 9:50,3/26/2023 16:40,3/26/2023
Emp-669,Michael Johnson,11/15/2023 10:09,11/15/2023 19:27,11/15/2023
Emp-670,Emily Davis,10/26/2023 9:33,10/26/2023 17:36,10/26/2023
Emp-671,Laura Taylor,3/5/2023 8:01,3/5/2023 16:17,3/5/2023
Emp-672,Sarah Brown,9/3/2023 8:07,9/3/2023 19:18,9/3/2023
Emp-673,John Doe,10/28/2023 8:18,10/28/2023 17:46,10/28/2023
Emp-674,Michael Johnson,3/21/2023 8:02,3/21/2023 17:09,3/21/2023
Emp-675,Olivia Martinez,3/20/2023 10:35,3/20/2023 18:31,3/20/2023
Emp-676,James Anderson,9/3/2023 7:40,9/3/2023 17:03,9/3/2023
Emp-677,Emily Davis,7/21/2023 7:18,7/21/2023 17:17,7/21/2023
Emp-678,John Doe,11/30/2023 7:59,11/30/2023 18:03,11/30/2023
Emp-679,Olivia Martinez,9/16/2023 10:39,9/16/2023 17:36,9/16/2023
Emp-680,Jane Smith,10/8/2023 7:27,10/8/2023 18:41,10/8/2023
Emp-681,Laura Taylor,11/20/2023 9:04,11/20/2023 18:40,11/20/2023
Emp-682,David Wilson,2/24/2023 9:43,2/24/2023 18:22,2/24/2023
Emp-683,Michael Johnson,8/11/2023 8:59,8/11/2023 18:36,8/11/2023
Emp-684,Sarah Brown,9/6/2023 7:42,9/6/2023 17:49,9/6/2023
Emp-685,Chris Moore,10/25/2023 7:12,10/25/2023 16:08,10/25/2023
Emp-686,James Anderson,1/7/2023 8:35,1/7/2023 19:16,1/7/2023
Emp-687,Olivia Martinez,2/13/2023 8:19,2/13/2023 17:53,2/13/2023
Emp-688,Sarah Brown,1/7/2023 10:16,1/7/2023 19:24,1/7/2023
Emp-689,Jane Smith,6/4/2023 9:20,6/4/2023 17:18,6/4/2023
Emp-690,Michael Johnson,2/8/2023 9:39,2/8/2023 18:28,2/8/2023
Emp-691,James Anderson,10/27/2023 10:48,10/27/2023 18:31,10/27/2023
Emp-692,David Wilson,8/12/2023 10:47,8/12/2023 17:59,8/12/2023
Emp-693,Jane Smith,9/14/2023 10:37,9/14/2023 17:25,9/14/2023
Emp-694,Emily Davis,11/30/2023 9:12,11/30/2023 19:02,11/30/2023
Emp-695,John Doe,3/20/2023 7:45,3/20/2023 19:01,3/20/2023
Emp-696,Sarah Brown,12/10/2023 8:11,12/10/2023 19:18,12/10/2023
Emp-697,Sarah Brown,2/1/2023 7:36,2/1/2023 19:11,2/1/2023
Emp-698,James Anderson,11/17/2023 10:29,11/17/2023 16:41,11/17/2023
Emp-699,Sarah Brown,2/17/2023 9:39,2/17/2023 19:16,2/17/2023
Emp-700,Emily Davis,2/7/2023 10:47,2/7/2023 19:14,2/7/2023
Emp-701,Chris Moore,3/22/2023 9:02,3/22/2023 16:23,3/22/2023
Emp-702,Chris Moore,6/24/2023 7:57,6/24/2023 17:06,6/24/2023
Emp-703,Chris Moore,1/10/2023 7:46,1/10/2023 17:24,1/10/2023
Emp-704,Emily Davis,10/30/2023 7:52,10/30/2023 19:02,10/30/2023
Emp-705,Laura Taylor,6/28/2023 10:39,6/28/2023 16:02,6/28/2023
Emp-706,Chris Moore,7/9/2023 10:06,7/9/2023 18:23,7/9/2023
Emp-707,Sarah Brown,1/21/2023 9:46,1/21/2023 18:38,1/21/2023
Emp-708,James Anderson,2/19/2023 7:02,2/19/2023 17:49,2/19/2023
Emp-709,Sarah Brown,2/28/2023 7:12,2/28/2023 16:20,2/28/2023
Emp-710,Laura Taylor,9/22/2023 9:44,9/22/2023 19:07,9/22/2023
Emp-711,Michael Johnson,9/1/2023 9:55,9/1/2023 17:00,9/1/2023
Emp-712,Laura Taylor,3/5/2023 8:16,3/5/2023 16:55,3/5/2023
Emp-713,Olivia Martinez,9/18/2023 8:37,9/18/2023 16:42,9/18/2023
Emp-714,Michael Johnson,4/29/2023 9:20,4/29/2023 19:20,4/29/2023
Emp-715,Emily Davis,10/14/2023 10:58,10/14/2023 19:02,10/14/2023
Emp-716,Sarah Brown,5/8/2023 9:16,5/8/2023 17:11,5/8/2023
Emp-717,Olivia Martinez,9/2/2023 9:00,9/2/2023 18:28,9/2/2023
Emp-718,John Doe,12/19/2023 8:57,12/19/2023 18:27,12/19/2023
Emp-719,Emily Davis,4/16/2023 8:23,4/16/2023 16:19,4/16/2023
Emp-720,Sarah Brown,6/28/2023 8:07,6/28/2023 16:46,6/28/2023
Emp-721,Michael Johnson,6/25/2023 9:25,6/25/2023 17:32,6/25/2023
Emp-722,Michael Johnson,10/31/2023 7:40,10/31/2023 16:26,10/31/2023
Emp-723,Chris Moore,2/17/2023 8:31,2/17/2023 16:52,2/17/2023
Emp-724,Jane Smith,8/18/2023 8:37,8/18/2023 18:31,8/18/2023
Emp-725,Sarah Brown,8/17/2023 9:27,8/17/2023 18:56,8/17/2023
Emp-726,Chris Moore,12/2/2023 8:58,12/2/2023 17:54,12/2/2023
Emp-727,Laura Taylor,10/20/2023 7:14,10/20/2023 18:14,10/20/2023
Emp-728,Chris Moore,12/7/2023 9:57,12/7/2023 16:27,12/7/2023
Emp-729,Jane Smith,5/27/2023 8:55,5/27/2023 19:10,5/27/2023
Emp-730,Chris Moore,11/10/2023 7:37,11/10/2023 18:19,11/10/2023
Emp-731,John Doe,10/5/2023 7:58,10/5/2023 18:11,10/5/2023
Emp-732,James Anderson,1/30/2023 7:20,1/30/2023 17:25,1/30/2023
Emp-733,John Doe,2/1/2023 8:31,2/1/2023 19:00,2/1/2023
Emp-734,Sarah Brown,8/18/2023 8:43,8/18/2023 17:42,8/18/2023
Emp-735,Jane Smith,11/3/2023 10:39,11/3/2023 19:04,11/3/2023
Emp-736,Emily Davis,12/5/2023 9:34,12/5/2023 18:34,12/5/2023
Emp-737,Emily Davis,7/21/2023 10:18,7/21/2023 18:16,7/21/2023
Emp-738,James Anderson,5/21/2023 8:51,5/21/2023 17:04,5/21/2023
Emp-739,John Doe,3/10/2023 9:46,3/10/2023 17:53,3/10/2023
Emp-740,Olivia Martinez,1/29/2023 7:21,1/29/2023 18:16,1/29/2023
Emp-741,Jane Smith,3/14/2023 8:47,3/14/2023 16:52,3/14/2023
Emp-742,Laura Taylor,7/22/2023 8:32,7/22/2023 19:56,7/22/2023
Emp-743,Sarah Brown,10/28/2023 7:38,10/28/2023 16:45,10/28/2023
Emp-744,Jane Smith,11/27/2023 8:33,11/27/2023 17:04,11/27/2023
Emp-745,Sarah Brown,10/15/2023 8:07,10/15/2023 16:52,10/15/2023
Emp-746,Sarah Brown,12/19/2023 9:15,12/19/2023 19:12,12/19/2023
Emp-747,Chris Moore,3/12/2023 10:02,3/12/2023 16:38,3/12/2023
Emp-748,Laura Taylor,3/10/2023 8:33,3/10/2023 17:43,3/10/2023
Emp-749,Emily Davis,4/15/2023 7:11,4/15/2023 19:49,4/15/2023
Emp-750,Sarah Brown,5/1/2023 9:23,5/1/2023 17:54,5/1/2023
Emp-751,Emily Davis,4/9/2023 10:25,4/9/2023 17:05,4/9/2023
Emp-752,Laura Taylor,1/4/2023 8:41,1/4/2023 19:41,1/4/2023
Emp-753,John Doe,3/7/2023 10:11,3/7/2023 17:04,3/7/2023
Emp-754,Jane Smith,7/29/2023 8:59,7/29/2023 19:53,7/29/2023
Emp-755,James Anderson,11/7/2023 9:20,11/7/2023 19:38,11/7/2023
Emp-756,Sarah Brown,8/8/2023 9:50,8/8/2023 16:59,8/8/2023
Emp-757,Emily Davis,10/23/2023 10:15,10/23/2023 19:46,10/23/2023
Emp-758,Olivia Martinez,8/12/2023 10:12,8/12/2023 19:08,8/12/2023
Emp-759,Chris Moore,11/23/2023 10:39,11/23/2023 17:53,11/23/2023
Emp-760,Laura Taylor,9/8/2023 10:47,9/8/2023 18:12,9/8/2023
Emp-761,Jane Smith,10/7/2023 8:18,10/7/2023 16:12,10/7/2023
Emp-762,Emily Davis,3/10/2023 7:09,3/10/2023 18:30,3/10/2023
Emp-763,Sarah Brown,2/18/2023 7:57,2/18/2023 17:57,2/18/2023
Emp-764,David Wilson,1/2/2023 10:16,1/2/2023 17:20,1/2/2023
Emp-765,John Doe,7/29/2023 8:44,7/29/2023 18:11,7/29/2023
Emp-766,Chris Moore,6/17/2023 10:01,6/17/2023 18:34,6/17/2023
Emp-767,Jane Smith,4/1/2023 10:02,4/1/2023 19:01,4/1/2023
Emp-768,Laura Taylor,1/14/2023 8:38,1/14/2023 16:37,1/14/2023
Emp-769,Emily Davis,9/15/2023 9:44,9/15/2023 17:27,9/15/2023
Emp-770,Olivia Martinez,4/22/2023 10:06,4/22/2023 19:39,4/22/2023
Emp-771,John Doe,7/5/2023 9:07,7/5/2023 16:26,7/5/2023
Emp-772,David Wilson,12/13/2023 8:53,12/13/2023 18:16,12/13/2023
Emp-773,James Anderson,5/3/2023 10:11,5/3/2023 18:02,5/3/2023
Emp-774,Jane Smith,11/21/2023 8:03,11/21/2023 19:01,11/21/2023
Emp-775,James Anderson,10/3/2023 9:36,10/3/2023 16:14,10/3/2023
Emp-776,David Wilson,12/9/2023 7:07,12/9/2023 19:21,12/9/2023
Emp-777,Emily Davis,9/15/2023 8:11,9/15/2023 16:07,9/15/2023
Emp-778,James Anderson,12/13/2023 8:20,12/13/2023 18:36,12/13/2023
Emp-779,Jane Smith,7/27/2023 8:43,7/27/2023 17:41,7/27/2023
Emp-780,Michael Johnson,11/4/2023 8:41,11/4/2023 18:14,11/4/2023
Emp-781,Olivia Martinez,7/18/2023 10:11,7/18/2023 19:06,7/18/2023
Emp-782,Sarah Brown,4/25/2023 8:09,4/25/2023 17:59,4/25/2023
Emp-783,Jane Smith,11/19/2023 10:38,11/19/2023 16:39,11/19/2023
Emp-784,Emily Davis,6/3/2023 10:59,6/3/2023 18:01,6/3/2023
Emp-785,Olivia Martinez,1/11/2023 7:44,1/11/2023 19:47,1/11/2023
Emp-786,John Doe,7/31/2023 7:17,7/31/2023 16:16,7/31/2023
Emp-787,Michael Johnson,3/3/2023 9:59,3/3/2023 18:44,3/3/2023
Emp-788,Laura Taylor,2/9/2023 9:49,2/9/2023 17:43,2/9/2023
Emp-789,John Doe,8/30/2023 7:13,8/30/2023 16:00,8/30/2023
Emp-790,Sarah Brown,10/7/2023 8:17,10/7/2023 17:50,10/7/2023
Emp-791,Emily Davis,11/26/2023 10:57,11/26/2023 19:03,11/26/2023
Emp-792,Laura Taylor,8/27/2023 9:15,8/27/2023 19:30,8/27/2023
Emp-793,Chris Moore,12/29/2023 7:40,12/29/2023 17:13,12/29/2023
Emp-794,Jane Smith,7/30/2023 8:35,7/30/2023 18:43,7/30/2023
Emp-795,Emily Davis,11/20/2023 9:40,11/20/2023 16:11,11/20/2023
Emp-796,Michael Johnson,3/1/2023 8:22,3/1/2023 16:34,3/1/2023
Emp-797,James Anderson,1/21/2023 8:18,1/21/2023 19:35,1/21/2023
Emp-798,James Anderson,1/29/2023 7:38,1/29/2023 18:19,1/29/2023
Emp-799,Sarah Brown,2/28/2023 8:30,2/28/2023 19:23,2/28/2023
Emp-800,Sarah Brown,11/22/2023 7:39,11/22/2023 16:59,11/22/2023
Emp-801,Jane Smith,6/19/2023 8:30,6/19/2023 19:41,6/19/2023
Emp-802,Emily Davis,8/1/2023 9:15,8/1/2023 17:20,8/1/2023
Emp-803,Emily Davis,3/5/2023 7:05,3/5/2023 18:28,3/5/2023
Emp-804,Michael Johnson,3/25/2023 10:10,3/25/2023 17:56,3/25/2023
Emp-805,Sarah Brown,1/18/2023 10:26,1/18/2023 19:36,1/18/2023
Emp-806,Jane Smith,1/17/2023 10:33,1/17/2023 17:06,1/17/2023
Emp-807,David Wilson,6/28/2023 9:46,6/28/2023 19:09,6/28/2023
Emp-808,Chris Moore,6/18/2023 9:02,6/18/2023 16:47,6/18/2023
Emp-809,James Anderson,7/15/2023 7:01,7/15/2023 17:56,7/15/2023
Emp-810,Olivia Martinez,3/30/2023 8:51,3/30/2023 16:46,3/30/2023
Emp-811,James Anderson,12/31/2023 8:55,12/31/2023 17:08,12/31/2023
Emp-812,Olivia Martinez,11/7/2023 8:27,11/7/2023 17:50,11/7/2023
Emp-813,Chris Moore,8/2/2023 8:02,8/2/2023 16:41,8/2/2023
Emp-814,Chris Moore,5/11/2023 8:22,5/11/2023 19:07,5/11/2023
Emp-815,Jane Smith,2/27/2023 10:47,2/27/2023 16:12,2/27/2023
Emp-816,Laura Taylor,3/18/2023 8:54,3/18/2023 19:09,3/18/2023
Emp-817,Sarah Brown,5/21/2023 10:39,5/21/2023 18:27,5/21/2023
Emp-818,Emily Davis,1/4/2023 9:59,1/4/2023 17:46,1/4/2023
Emp-819,Emily Davis,10/9/2023 10:13,10/9/2023 18:15,10/9/2023
Emp-820,Sarah Brown,5/22/2023 8:52,5/22/2023 18:46,5/22/2023
Emp-821,Chris Moore,12/21/2023 8:05,12/21/2023 19:06,12/21/2023
Emp-822,James Anderson,10/17/2023 9:33,10/17/2023 19:35,10/17/2023
Emp-823,Laura Taylor,11/17/2023 10:23,11/17/2023 16:04,11/17/2023
Emp-824,James Anderson,3/15/2023 8:38,3/15/2023 19:12,3/15/2023
Emp-825,Jane Smith,4/14/2023 7:32,4/14/2023 18:29,4/14/2023
Emp-826,John Doe,2/8/2023 9:05,2/8/2023 17:47,2/8/2023
Emp-827,Sarah Brown,6/28/2023 9:30,6/28/2023 19:35,6/28/2023
Emp-828,Laura Taylor,8/9/2023 8:31,8/9/2023 17:45,8/9/2023
Emp-829,Laura Taylor,4/6/2023 10:32,4/6/2023 19:01,4/6/2023
Emp-830,Jane Smith,4/9/2023 7:40,4/9/2023 19:16,4/9/2023
Emp-831,Emily Davis,8/15/2023 10:54,8/15/2023 18:18,8/15/2023
Emp-832,Laura Taylor,3/12/2023 7:46,3/12/2023 17:11,3/12/2023
Emp-833,Emily Davis,4/3/2023 10:57,4/3/2023 16:58,4/3/2023
Emp-834,Chris Moore,9/25/2023 9:52,9/25/2023 16:26,9/25/2023
Emp-835,Olivia Martinez,1/11/2023 9:24,1/11/2023 16:18,1/11/2023
Emp-836,Laura Taylor,8/16/2023 8:44,8/16/2023 18:03,8/16/2023
Emp-837,Chris Moore,2/28/2023 7:03,2/28/2023 19:28,2/28/2023
Emp-838,Jane Smith,6/28/2023 8:35,6/28/2023 16:32,6/28/2023
Emp-839,Michael Johnson,7/30/2023 8:09,7/30/2023 16:46,7/30/2023
Emp-840,Olivia Martinez,7/28/2023 10:13,7/28/2023 17:28,7/28/2023
Emp-841,Michael Johnson,8/9/2023 10:06,8/9/2023 19:51,8/9/2023
Emp-842,David Wilson,8/2/2023 7:05,8/2/2023 19:55,8/2/2023
Emp-843,Michael Johnson,12/14/2023 8:10,12/14/2023 16:13,12/14/2023
Emp-844,Olivia Martinez,10/3/2023 10:47,10/3/2023 16:42,10/3/2023
Emp-845,Michael Johnson,10/2/2023 9:48,10/2/2023 16:55,10/2/2023
Emp-846,David Wilson,7/26/2023 10:04,7/26/2023 18:26,7/26/2023
Emp-847,David Wilson,7/26/2023 7:39,7/26/2023 17:12,7/26/2023
Emp-848,Chris Moore,5/14/2023 8:46,5/14/2023 16:01,5/14/2023
Emp-849,Olivia Martinez,3/10/2023 8:37,3/10/2023 17:32,3/10/2023
Emp-850,Sarah Brown,2/6/2023 7:26,2/6/2023 17:42,2/6/2023
Emp-851,Sarah Brown,6/24/2023 7:13,6/24/2023 18:57,6/24/2023
Emp-852,James Anderson,9/14/2023 9:43,9/14/2023 19:48,9/14/2023
Emp-853,Laura Taylor,1/9/2023 7:07,1/9/2023 18:18,1/9/2023
Emp-854,David Wilson,8/5/2023 10:20,8/5/2023 19:21,8/5/2023
Emp-855,Laura Taylor,8/8/2023 9:41,8/8/2023 19:50,8/8/2023
Emp-856,Olivia Martinez,5/30/2023 7:59,5/30/2023 16:07,5/30/2023
Emp-857,David Wilson,9/27/2023 9:46,9/27/2023 17:16,9/27/2023
Emp-858,Chris Moore,10/28/2023 8:20,10/28/2023 16:13,10/28/2023
Emp-859,Michael Johnson,12/12/2023 7:14,12/12/2023 17:00,12/12/2023
Emp-860,David Wilson,8/16/2023 10:57,8/16/2023 17:42,8/16/2023
Emp-861,Michael Johnson,4/10/2023 8:27,4/10/2023 16:20,4/10/2023
Emp-862,Laura Taylor,11/20/2023 9:03,11/20/2023 19:47,11/20/2023
Emp-863,Emily Davis,12/22/2023 9:49,12/22/2023 18:59,12/22/2023
Emp-864,Chris Moore,11/13/2023 8:48,11/13/2023 19:40,11/13/2023
Emp-865,Sarah Brown,3/10/2023 8:09,3/10/2023 17:08,3/10/2023
Emp-866,Sarah Brown,8/9/2023 10:01,8/9/2023 17:29,8/9/2023
Emp-867,Laura Taylor,11/27/2023 8:17,11/27/2023 16:41,11/27/2023
Emp-868,John Doe,3/9/2023 10:17,3/9/2023 18:06,3/9/2023
Emp-869,Chris Moore,8/6/2023 7:44,8/6/2023 16:56,8/6/2023
Emp-870,David Wilson,3/14/2023 10:25,3/14/2023 17:13,3/14/2023
Emp-871,James Anderson,7/24/2023 7:32,7/24/2023 19:30,7/24/2023
Emp-872,David Wilson,6/16/2023 10:18,6/16/2023 16:44,6/16/2023
Emp-873,Emily Davis,8/8/2023 9:17,8/8/2023 16:41,8/8/2023
Emp-874,John Doe,1/16/2023 10:53,1/16/2023 16:55,1/16/2023
Emp-875,Laura Taylor,2/1/2023 9:31,2/1/2023 16:19,2/1/2023
Emp-876,Emily Davis,11/30/2023 9:22,11/30/2023 19:47,11/30/2023
Emp-877,Jane Smith,4/12/2023 8:42,4/12/2023 19:10,4/12/2023
Emp-878,Chris Moore,7/30/2023 10:58,7/30/2023 16:01,7/30/2023
Emp-879,Sarah Brown,1/17/2023 10:47,1/17/2023 16:36,1/17/2023
Emp-880,Chris Moore,11/25/2023 10:36,11/25/2023 19:23,11/25/2023
Emp-881,Laura Taylor,8/12/2023 9:43,8/12/2023 19:32,8/12/2023
Emp-882,Michael Johnson,3/16/2023 8:57,3/16/2023 19:55,3/16/2023
Emp-883,Laura Taylor,11/28/2023 8:10,11/28/2023 16:18,11/28/2023
Emp-884,James Anderson,10/4/2023 10:19,10/4/2023 18:43,10/4/2023
Emp-885,Sarah Brown,9/26/2023 8:39,9/26/2023 17:12,9/26/2023
Emp-886,David Wilson,4/9/2023 9:52,4/9/2023 18:28,4/9/2023
Emp-887,Michael Johnson,4/21/2023 8:17,4/21/2023 18:21,4/21/2023
Emp-888,Laura Taylor,11/12/2023 9:06,11/12/2023 16:26,11/12/2023
Emp-889,Emily Davis,3/25/2023 7:19,3/25/2023 17:32,3/25/2023
Emp-890,Olivia Martinez,1/4/2023 9:31,1/4/2023 18:09,1/4/2023
Emp-891,Chris Moore,12/2/2023 9:48,12/2/2023 16:14,12/2/2023
Emp-892,John Doe,6/18/2023 9:03,6/18/2023 19:26,6/18/2023
Emp-893,Michael Johnson,8/11/2023 7:03,8/11/2023 18:54,8/11/2023
Emp-894,Emily Davis,11/17/2023 8:00,11/17/2023 17:39,11/17/2023
Emp-895,Michael Johnson,12/12/2023 8:08,12/12/2023 18:51,12/12/2023
Emp-896,Laura Taylor,8/28/2023 10:05,8/28/2023 16:46,8/28/2023
Emp-897,Chris Moore,1/23/2023 7:51,1/23/2023 16:14,1/23/2023
Emp-898,Michael Johnson,3/30/2023 10:51,3/30/2023 19:36,3/30/2023
Emp-899,Laura Taylor,12/13/2023 9:57,12/13/2023 18:58,12/13/2023
Emp-900,Chris Moore,11/18/2023 10:34,11/18/2023 19:43,11/18/2023
Emp-901,Chris Moore,7/30/2023 10:45,7/30/2023 17:24,7/30/2023
Emp-902,David Wilson,12/2/2023 7:29,12/2/2023 16:45,12/2/2023
Emp-903,Olivia Martinez,11/27/2023 9:20,11/27/2023 16:39,11/27/2023
Emp-904,James Anderson,8/31/2023 9:07,8/31/2023 16:09,8/31/2023
Emp-905,Emily Davis,2/14/2023 8:02,2/14/2023 17:34,2/14/2023
Emp-906,James Anderson,11/1/2023 10:30,11/1/2023 16:34,11/1/2023
Emp-907,Sarah Brown,4/30/2023 9:12,4/30/2023 17:53,4/30/2023
Emp-908,John Doe,2/10/2023 8:07,2/10/2023 18:54,2/10/2023
Emp-909,David Wilson,1/17/2023 9:00,1/17/2023 18:55,1/17/2023
Emp-910,Chris Moore,12/17/2023 7:26,12/17/2023 19:50,12/17/2023
Emp-911,Emily Davis,4/9/2023 8:23,4/9/2023 18:45,4/9/2023
Emp-912,James Anderson,2/1/2023 7:00,2/1/2023 17:34,2/1/2023
Emp-913,David Wilson,9/22/2023 9:07,9/22/2023 16:44,9/22/2023
Emp-914,Olivia Martinez,1/19/2023 10:00,1/19/2023 16:18,1/19/2023
Emp-915,Laura Taylor,12/22/2023 9:38,12/22/2023 18:22,12/22/2023
Emp-916,Chris Moore,11/16/2023 7:28,11/16/2023 19:41,11/16/2023
Emp-917,Michael Johnson,2/6/2023 10:52,2/6/2023 17:13,2/6/2023
Emp-918,Olivia Martinez,10/14/2023 10:52,10/14/2023 18:59,10/14/2023
Emp-919,John Doe,9/15/2023 10:26,9/15/2023 16:52,9/15/2023
Emp-920,James Anderson,5/9/2023 9:14,5/9/2023 16:38,5/9/2023
Emp-921,Michael Johnson,6/13/2023 9:26,6/13/2023 17:57,6/13/2023
Emp-922,Olivia Martinez,4/12/2023 8:46,4/12/2023 18:39,4/12/2023
Emp-923,Jane Smith,10/10/2023 9:44,10/10/2023 19:50,10/10/2023
Emp-924,Emily Davis,6/29/2023 10:01,6/29/2023 17:22,6/29/2023
Emp-925,Olivia Martinez,7/5/2023 8:02,7/5/2023 19:35,7/5/2023
Emp-926,James Anderson,8/4/2023 7:01,8/4/2023 19:35,8/4/2023
Emp-927,Laura Taylor,8/26/2023 8:13,8/26/2023 16:55,8/26/2023
Emp-928,Chris Moore,12/15/2023 9:45,12/15/2023 19:46,12/15/2023
Emp-929,John Doe,3/7/2023 9:40,3/7/2023 17:29,3/7/2023
Emp-930,James Anderson,11/27/2023 7:38,11/27/2023 16:54,11/27/2023
Emp-931,John Doe,1/31/2023 9:14,1/31/2023 19:08,1/31/2023
Emp-932,Laura Taylor,11/1/2023 9:59,11/1/2023 16:09,11/1/2023
Emp-933,Emily Davis,3/2/2023 10:26,3/2/2023 19:03,3/2/2023
Emp-934,Laura Taylor,7/2/2023 9:44,7/2/2023 16:20,7/2/2023
Emp-935,Olivia Martinez,12/3/2023 9:09,12/3/2023 19:41,12/3/2023
Emp-936,John Doe,11/9/2023 9:38,11/9/2023 19:16,11/9/2023
Emp-937,David Wilson,12/2/2023 9:57,12/2/2023 17:21,12/2/2023
Emp-938,John Doe,2/11/2023 8:48,2/11/2023 18:34,2/11/2023
Emp-939,Michael Johnson,6/2/2023 8:38,6/2/2023 18:29,6/2/2023
Emp-940,Michael Johnson,1/1/2023 10:37,1/1/2023 17:10,1/1/2023
Emp-941,Emily Davis,6/24/2023 10:55,6/24/2023 16:56,6/24/2023
Emp-942,David Wilson,9/6/2023 7:25,9/6/2023 17:53,9/6/2023
Emp-943,Laura Taylor,6/10/2023 10:16,6/10/2023 17:47,6/10/2023
Emp-944,David Wilson,10/30/2023 9:12,10/30/2023 19:02,10/30/2023
Emp-945,Laura Taylor,5/11/2023 8:30,5/11/2023 18:05,5/11/2023
Emp-946,Chris Moore,3/15/2023 8:51,3/15/2023 17:39,3/15/2023
Emp-947,Chris Moore,10/13/2023 9:53,10/13/2023 16:53,10/13/2023
Emp-948,Michael Johnson,7/4/2023 9:48,7/4/2023 19:32,7/4/2023
Emp-949,Chris Moore,6/1/2023 8:25,6/1/2023 19:38,6/1/2023
Emp-950,Jane Smith,12/27/2023 10:50,12/27/2023 17:06,12/27/2023
Emp-951,Sarah Brown,8/4/2023 7:37,8/4/2023 17:28,8/4/2023
Emp-952,Chris Moore,6/5/2023 10:14,6/5/2023 17:16,6/5/2023
Emp-953,Michael Johnson,5/10/2023 9:07,5/10/2023 16:09,5/10/2023
Emp-954,John Doe,9/4/2023 8:27,9/4/2023 19:32,9/4/2023
Emp-955,Jane Smith,5/9/2023 10:04,5/9/2023 19:41,5/9/2023
Emp-956,Emily Davis,10/3/2023 7:24,10/3/2023 18:09,10/3/2023
Emp-957,Laura Taylor,4/7/2023 8:50,4/7/2023 18:00,4/7/2023
Emp-958,Chris Moore,1/16/2023 9:12,1/16/2023 16:28,1/16/2023
Emp-959,Sarah Brown,11/28/2023 10:47,11/28/2023 18:09,11/28/2023
Emp-960,Laura Taylor,3/4/2023 7:14,3/4/2023 17:15,3/4/2023
Emp-961,Michael Johnson,9/15/2023 7:13,9/15/2023 17:43,9/15/2023
Emp-962,Jane Smith,12/11/2023 9:08,12/11/2023 19:28,12/11/2023
Emp-963,James Anderson,3/14/2023 8:03,3/14/2023 16:27,3/14/2023
Emp-964,Chris Moore,1/17/2023 7:29,1/17/2023 16:27,1/17/2023
Emp-965,Olivia Martinez,5/8/2023 7:24,5/8/2023 19:07,5/8/2023
Emp-966,John Doe,7/20/2023 8:09,7/20/2023 17:51,7/20/2023
Emp-967,Chris Moore,2/25/2023 7:33,2/25/2023 18:40,2/25/2023
Emp-968,Chris Moore,1/15/2023 8:39,1/15/2023 18:28,1/15/2023
Emp-969,Olivia Martinez,10/31/2023 9:48,10/31/2023 17:23,10/31/2023
Emp-970,Emily Davis,4/11/2023 10:26,4/11/2023 17:58,4/11/2023
Emp-971,Michael Johnson,6/14/2023 9:02,6/14/2023 16:07,6/14/2023
Emp-972,Jane Smith,4/5/2023 8:50,4/5/2023 18:33,4/5/2023
Emp-973,Sarah Brown,3/20/2023 10:04,3/20/2023 16:10,3/20/2023
Emp-974,James Anderson,1/11/2023 9:17,1/11/2023 17:26,1/11/2023
Emp-975,Chris Moore,6/14/2023 8:12,6/14/2023 16:18,6/14/2023
Emp-976,John Doe,12/17/2023 7:28,12/17/2023 17:48,12/17/2023
Emp-977,Chris Moore,9/19/2023 10:13,9/19/2023 16:59,9/19/2023
Emp-978,Jane Smith,2/13/2023 10:48,2/13/2023 18:52,2/13/2023
Emp-979,Michael Johnson,3/23/2023 9:19,3/23/2023 18:24,3/23/2023
Emp-980,John Doe,7/5/2023 7:53,7/5/2023 16:15,7/5/2023
Emp-981,Laura Taylor,12/27/2023 8:24,12/27/2023 16:47,12/27/2023
Emp-982,Michael Johnson,1/13/2023 7:50,1/13/2023 17:04,1/13/2023
Emp-983,Michael Johnson,11/28/2023 9:43,11/28/2023 17:52,11/28/2023
Emp-984,Michael Johnson,5/31/2023 9:49,5/31/2023 18:56,5/31/2023
Emp-985,Laura Taylor,10/3/2023 10:57,10/3/2023 18:35,10/3/2023
Emp-986,John Doe,10/4/2023 10:51,10/4/2023 18:35,10/4/2023
Emp-987,Sarah Brown,7/26/2023 8:41,7/26/2023 16:12,7/26/2023
Emp-988,Jane Smith,10/4/2023 8:19,10/4/2023 19:31,10/4/2023
Emp-989,Jane Smith,8/21/2023 9:12,8/21/2023 19:06,8/21/2023
Emp-990,John Doe,2/3/2023 7:26,2/3/2023 18:49,2/3/2023
Emp-991,Michael Johnson,12/25/2023 8:51,12/25/2023 19:33,12/25/2023
Emp-992,Emily Davis,2/28/2023 10:38,2/28/2023 16:18,2/28/2023
Emp-993,Olivia Martinez,2/19/2023 10:56,2/19/2023 16:24,2/19/2023
Emp-994,John Doe,12/2/2023 7:10,12/2/2023 17:07,12/2/2023
Emp-995,Sarah Brown,1/1/2024 8:16,1/1/2024 19:14,1/1/2024
Emp-996,John Doe,4/16/2023 9:56,4/16/2023 19:01,4/16/2023
Emp-997,James Anderson,3/20/2023 9:53,3/20/2023 17:54,3/20/2023
Emp-998,Chris Moore,3/28/2023 8:41,3/28/2023 19:44,3/28/2023
Emp-999,Emily Davis,5/17/2023 9:10,5/17/2023 16:03,5/17/2023
Emp-1000,Jane Smith,6/8/2023 10:17,6/8/2023 16:13,6/8/2023
