OrderID,Product,SalesAmount,OrderDate,DeliveryDate
ORD-1,Mouse,1641.84,9/1/2023,9/6/2023
ORD-2,Monitor,1851.46,11/18/2023,11/19/2023
ORD-3,Smartwatch,1567.38,1/11/2023,1/15/2023
ORD-4,Laptop,196.01,1/19/2023,1/24/2023
ORD-5,Headphones,907.64,9/3/2023,9/13/2023
ORD-6,Smartwatch,91.19,12/12/2023,12/16/2023
ORD-7,Mouse,1172.04,8/11/2023,8/16/2023
ORD-8,Headphones,1297.16,8/8/2023,8/16/2023
ORD-9,Mouse,384.82,4/30/2023,5/7/2023
ORD-10,Smartwatch,408.14,7/6/2023,7/16/2023
ORD-11,Headphones,1171.11,4/17/2023,4/25/2023
ORD-12,Tablet,1698.62,3/15/2023,3/23/2023
ORD-13,Keyboard,1193.89,12/2/2023,12/12/2023
ORD-14,Tablet,103.34,7/24/2023,8/3/2023
ORD-15,Smartwatch,1627.95,3/6/2023,3/7/2023
ORD-16,Smartphone,1410.1,10/28/2023,11/1/2023
ORD-17,Laptop,335.99,5/14/2023,5/15/2023
ORD-18,Monitor,1219.38,10/1/2023,10/9/2023
ORD-19,Headphones,1304.42,4/28/2023,5/8/2023
ORD-20,Monitor,1278.4,6/21/2023,6/26/2023
ORD-21,Monitor,901.83,7/8/2023,7/18/2023
ORD-22,Mouse,1535.2,3/1/2023,3/6/2023
ORD-23,Monitor,1522.53,6/9/2023,6/11/2023
ORD-24,Keyboard,405.12,5/14/2023,5/24/2023
ORD-25,Tablet,237.92,6/18/2023,6/26/2023
ORD-26,Mouse,1690.69,2/27/2023,2/28/2023
ORD-27,Monitor,1289.03,10/1/2023,10/2/2023
ORD-28,Smartphone,149.45,10/20/2023,10/24/2023
ORD-29,Headphones,674.93,7/26/2023,8/2/2023
ORD-30,Laptop,160.76,9/1/2023,9/9/2023
ORD-31,Headphones,567.15,7/6/2023,7/13/2023
ORD-32,Laptop,535.94,9/30/2023,10/8/2023
ORD-33,Headphones,1732.35,5/9/2023,5/14/2023
ORD-34,Monitor,409.2,9/26/2023,10/1/2023
ORD-35,Smartphone,598.21,1/8/2023,1/11/2023
ORD-36,Keyboard,88.4,1/6/2023,1/14/2023
ORD-37,Smartwatch,419.71,10/26/2023,10/28/2023
ORD-38,Mouse,616.2,10/6/2023,10/8/2023
ORD-39,Keyboard,288.12,3/5/2023,3/14/2023
ORD-40,Smartphone,271.77,5/1/2023,5/11/2023
ORD-41,Tablet,1174.16,6/20/2023,6/30/2023
ORD-42,Smartphone,421.58,7/7/2023,7/13/2023
ORD-43,Monitor,798.11,11/26/2023,11/29/2023
ORD-44,Laptop,393.51,9/29/2023,10/2/2023
ORD-45,Smartwatch,186.78,6/25/2023,7/5/2023
ORD-46,Smartwatch,919.9,7/24/2023,8/2/2023
ORD-47,Monitor,485.82,4/24/2023,4/28/2023
ORD-48,Keyboard,689.53,5/14/2023,5/24/2023
ORD-49,Smartwatch,663.87,1/31/2023,2/10/2023
ORD-50,Smartphone,1013.2,10/29/2023,11/3/2023
ORD-51,Headphones,1584.85,3/9/2023,3/17/2023
ORD-52,Smartphone,967.8,7/6/2023,7/9/2023
ORD-53,Mouse,185.09,2/11/2023,2/14/2023
ORD-54,Tablet,1949.58,7/9/2023,7/11/2023
ORD-55,Tablet,818.48,8/15/2023,8/23/2023
ORD-56,Laptop,1223.48,12/16/2023,12/18/2023
ORD-57,Tablet,759.36,12/31/2023,1/3/2024
ORD-58,Mouse,1926.56,9/29/2023,10/2/2023
ORD-59,Smartwatch,1805.22,3/8/2023,3/15/2023
ORD-60,Smartphone,1215.84,9/13/2023,9/19/2023
ORD-61,Headphones,259.18,2/24/2023,2/25/2023
ORD-62,Monitor,1961.23,10/1/2023,10/5/2023
ORD-63,Smartphone,971.81,10/1/2023,10/4/2023
ORD-64,Smartwatch,939.89,8/10/2023,8/18/2023
ORD-65,Mouse,396.21,12/12/2023,12/22/2023
ORD-66,Monitor,1750.29,4/25/2023,4/27/2023
ORD-67,Monitor,785.11,2/11/2023,2/14/2023
ORD-68,Monitor,122.09,9/26/2023,10/4/2023
ORD-69,Monitor,1882.49,1/22/2023,1/26/2023
ORD-70,Monitor,190.62,12/29/2023,1/8/2024
ORD-71,Smartwatch,660.79,5/21/2023,5/30/2023
ORD-72,Headphones,1245.74,8/7/2023,8/15/2023
ORD-73,Laptop,1883.35,5/10/2023,5/17/2023
ORD-74,Smartphone,497.64,9/29/2023,10/8/2023
ORD-75,Smartwatch,585.88,10/21/2023,10/23/2023
ORD-76,Mouse,1051.31,10/31/2023,11/2/2023
ORD-77,Tablet,1599.57,9/16/2023,9/26/2023
ORD-78,Monitor,1902.41,1/20/2023,1/27/2023
ORD-79,Smartwatch,1904.69,10/23/2023,11/2/2023
ORD-80,Monitor,1106.31,3/21/2023,3/27/2023
ORD-81,Monitor,1137.37,5/23/2023,6/1/2023
ORD-82,Monitor,463.34,11/24/2023,11/28/2023
ORD-83,Smartphone,1001.83,8/6/2023,8/14/2023
ORD-84,Monitor,152.68,1/20/2023,1/22/2023
ORD-85,Mouse,1725.7,4/23/2023,4/25/2023
ORD-86,Tablet,1203.36,8/4/2023,8/8/2023
ORD-87,Smartphone,210.28,9/22/2023,9/28/2023
ORD-88,Monitor,178.55,8/28/2023,9/7/2023
ORD-89,Laptop,1335.94,4/9/2023,4/12/2023
ORD-90,Tablet,1778.36,2/11/2023,2/13/2023
ORD-91,Tablet,1374.43,4/5/2023,4/15/2023
ORD-92,Headphones,716.59,1/7/2023,1/17/2023
ORD-93,Smartphone,1858.78,5/27/2023,6/1/2023
ORD-94,Keyboard,1112.65,6/22/2023,6/26/2023
ORD-95,Laptop,566.63,10/15/2023,10/25/2023
ORD-96,Headphones,638.13,1/27/2023,2/1/2023
ORD-97,Laptop,1521.73,8/8/2023,8/11/2023
ORD-98,Smartphone,1916.97,2/16/2023,2/20/2023
ORD-99,Tablet,175.16,1/27/2023,1/29/2023
ORD-100,Monitor,152.84,1/1/2023,1/2/2023
ORD-101,Tablet,301.65,2/6/2023,2/9/2023
ORD-102,Tablet,221.77,5/5/2023,5/9/2023
ORD-103,Mouse,208.78,3/16/2023,3/17/2023
ORD-104,Monitor,1195.76,4/30/2023,5/10/2023
ORD-105,Smartwatch,1414.41,2/16/2023,2/18/2023
ORD-106,Smartphone,1424.67,3/4/2023,3/10/2023
ORD-107,Smartwatch,91.45,8/20/2023,8/21/2023
ORD-108,Keyboard,1162.12,4/20/2023,4/21/2023
ORD-109,Smartphone,1332.82,4/8/2023,4/11/2023
ORD-110,Keyboard,79.77,6/6/2023,6/7/2023
ORD-111,Mouse,751.95,8/13/2023,8/19/2023
ORD-112,Keyboard,1972.77,12/11/2023,12/13/2023
ORD-113,Laptop,1939.56,8/12/2023,8/13/2023
ORD-114,Monitor,403.16,2/8/2023,2/18/2023
ORD-115,Laptop,1283.16,10/1/2023,10/11/2023
ORD-116,Mouse,515.7,7/3/2023,7/4/2023
ORD-117,Tablet,687.78,8/29/2023,9/8/2023
ORD-118,Smartphone,1723.28,11/13/2023,11/22/2023
ORD-119,Mouse,443,5/17/2023,5/19/2023
ORD-120,Keyboard,322.96,9/11/2023,9/16/2023
ORD-121,Tablet,828.35,1/21/2023,1/29/2023
ORD-122,Tablet,1059.41,9/1/2023,9/8/2023
ORD-123,Tablet,177.43,12/21/2023,12/24/2023
ORD-124,Smartwatch,1861.03,3/14/2023,3/24/2023
ORD-125,Mouse,243.95,3/13/2023,3/20/2023
ORD-126,Keyboard,1784.25,4/22/2023,4/26/2023
ORD-127,Keyboard,193.07,11/29/2023,12/3/2023
ORD-128,Keyboard,1751.87,7/2/2023,7/11/2023
ORD-129,Monitor,691.65,5/9/2023,5/11/2023
ORD-130,Tablet,1681.86,12/15/2023,12/22/2023
ORD-131,Mouse,1216.41,11/29/2023,12/6/2023
ORD-132,Smartphone,1863.6,6/19/2023,6/22/2023
ORD-133,Smartphone,1750.28,6/9/2023,6/19/2023
ORD-134,Smartwatch,1814.43,11/29/2023,12/8/2023
ORD-135,Tablet,1680.59,11/8/2023,11/10/2023
ORD-136,Laptop,320.52,4/18/2023,4/21/2023
ORD-137,Laptop,504.32,11/9/2023,11/17/2023
ORD-138,Monitor,432.55,4/23/2023,4/24/2023
ORD-139,Headphones,1039.66,6/15/2023,6/18/2023
ORD-140,Mouse,275.56,6/1/2023,6/6/2023
ORD-141,Tablet,422.69,5/12/2023,5/22/2023
ORD-142,Smartwatch,115.54,12/10/2023,12/20/2023
ORD-143,Smartwatch,1334.91,4/23/2023,4/26/2023
ORD-144,Smartwatch,1329.54,3/13/2023,3/15/2023
ORD-145,Monitor,1486.5,8/15/2023,8/23/2023
ORD-146,Keyboard,1436.77,6/13/2023,6/19/2023
ORD-147,Keyboard,1761.32,5/22/2023,5/27/2023
ORD-148,Tablet,1239.86,8/16/2023,8/25/2023
ORD-149,Mouse,1814.62,9/18/2023,9/24/2023
ORD-150,Headphones,835.02,2/4/2023,2/9/2023
ORD-151,Monitor,543.59,9/8/2023,9/10/2023
ORD-152,Smartphone,720.26,4/3/2023,4/5/2023
ORD-153,Smartphone,424.23,9/24/2023,9/29/2023
ORD-154,Laptop,1646.87,3/27/2023,4/6/2023
ORD-155,Tablet,1515.65,11/28/2023,12/8/2023
ORD-156,Tablet,1516.49,6/9/2023,6/15/2023
ORD-157,Smartwatch,1751.16,6/6/2023,6/9/2023
ORD-158,Headphones,1364.65,10/19/2023,10/23/2023
ORD-159,Keyboard,262.22,8/15/2023,8/16/2023
ORD-160,Smartphone,1898.74,2/1/2023,2/11/2023
ORD-161,Smartwatch,118.6,5/1/2023,5/2/2023
ORD-162,Smartphone,1091.71,4/4/2023,4/12/2023
ORD-163,Headphones,548.08,1/28/2023,1/29/2023
ORD-164,Smartphone,1003.45,5/14/2023,5/18/2023
ORD-165,Keyboard,234.13,5/16/2023,5/17/2023
ORD-166,Tablet,1401.06,10/27/2023,11/6/2023
ORD-167,Laptop,337.13,2/2/2023,2/9/2023
ORD-168,Monitor,651.83,9/24/2023,9/25/2023
ORD-169,Smartwatch,1762.18,3/14/2023,3/23/2023
ORD-170,Keyboard,756.67,6/26/2023,7/3/2023
ORD-171,Tablet,774.31,11/18/2023,11/20/2023
ORD-172,Mouse,933.83,6/2/2023,6/4/2023
ORD-173,Headphones,949.74,11/23/2023,11/26/2023
ORD-174,Monitor,1238.65,6/30/2023,7/4/2023
ORD-175,Headphones,1191.08,2/23/2023,2/25/2023
ORD-176,Tablet,554.18,8/20/2023,8/28/2023
ORD-177,Laptop,1903.07,7/3/2023,7/12/2023
ORD-178,Smartwatch,1903.52,9/10/2023,9/12/2023
ORD-179,Monitor,1812.85,8/6/2023,8/10/2023
ORD-180,Headphones,1288.11,5/16/2023,5/21/2023
ORD-181,Laptop,339.41,6/17/2023,6/25/2023
ORD-182,Tablet,461.85,4/21/2023,4/24/2023
ORD-183,Laptop,206.63,2/10/2023,2/18/2023
ORD-184,Smartphone,1521.56,1/20/2023,1/21/2023
ORD-185,Mouse,394.54,2/8/2023,2/16/2023
ORD-186,Laptop,1575,8/3/2023,8/10/2023
ORD-187,Smartphone,94.15,3/22/2023,4/1/2023
ORD-188,Keyboard,179.5,5/25/2023,6/3/2023
ORD-189,Keyboard,1065.4,8/15/2023,8/18/2023
ORD-190,Mouse,1280.52,10/28/2023,11/1/2023
ORD-191,Smartphone,1686.94,4/25/2023,5/2/2023
ORD-192,Smartwatch,92.66,3/9/2023,3/18/2023
ORD-193,Laptop,543.12,12/23/2023,12/26/2023
ORD-194,Headphones,1077.57,1/24/2023,1/25/2023
ORD-195,Smartphone,1761.25,12/8/2023,12/9/2023
ORD-196,Mouse,1739.29,10/3/2023,10/12/2023
ORD-197,Keyboard,1582,5/26/2023,6/3/2023
ORD-198,Headphones,299.75,4/4/2023,4/8/2023
ORD-199,Keyboard,1186.02,1/25/2023,2/1/2023
ORD-200,Monitor,941.08,4/1/2023,4/5/2023
ORD-201,Mouse,119.1,3/24/2023,3/26/2023
ORD-202,Keyboard,929.02,8/15/2023,8/21/2023
ORD-203,Keyboard,203.53,8/8/2023,8/17/2023
ORD-204,Headphones,344.38,9/6/2023,9/12/2023
ORD-205,Laptop,1086.55,8/25/2023,9/1/2023
ORD-206,Tablet,1003.98,5/11/2023,5/18/2023
ORD-207,Tablet,239.28,10/30/2023,11/4/2023
ORD-208,Keyboard,1479.47,2/18/2023,2/24/2023
ORD-209,Keyboard,623.67,10/22/2023,10/23/2023
ORD-210,Headphones,1542.14,8/10/2023,8/20/2023
ORD-211,Smartwatch,1934.22,9/12/2023,9/22/2023
ORD-212,Tablet,1620.18,11/15/2023,11/25/2023
ORD-213,Laptop,1488.4,7/4/2023,7/5/2023
ORD-214,Tablet,497.66,11/14/2023,11/19/2023
ORD-215,Monitor,1304.73,7/15/2023,7/25/2023
ORD-216,Smartwatch,1098.17,1/7/2023,1/10/2023
ORD-217,Smartwatch,1050.67,11/17/2023,11/23/2023
ORD-218,Keyboard,151.44,9/15/2023,9/18/2023
ORD-219,Smartphone,1090.1,7/17/2023,7/19/2023
ORD-220,Tablet,1573.95,1/25/2023,1/30/2023
ORD-221,Keyboard,1246.81,10/23/2023,10/27/2023
ORD-222,Smartwatch,1604.69,7/1/2023,7/11/2023
ORD-223,Mouse,826.34,6/16/2023,6/25/2023
ORD-224,Keyboard,885.11,12/31/2023,1/1/2024
ORD-225,Keyboard,960.28,5/3/2023,5/5/2023
ORD-226,Smartwatch,1919.83,12/10/2023,12/19/2023
ORD-227,Smartwatch,1244.04,9/6/2023,9/9/2023
ORD-228,Mouse,561.78,9/15/2023,9/18/2023
ORD-229,Tablet,815.36,1/17/2023,1/22/2023
ORD-230,Smartwatch,328.36,5/24/2023,6/1/2023
ORD-231,Laptop,1872.69,3/16/2023,3/17/2023
ORD-232,Mouse,1153.02,1/24/2023,2/1/2023
ORD-233,Monitor,556.65,5/12/2023,5/22/2023
ORD-234,Smartwatch,1810.66,10/27/2023,11/5/2023
ORD-235,Tablet,1161.43,9/26/2023,10/3/2023
ORD-236,Smartwatch,1785.01,4/16/2023,4/21/2023
ORD-237,Mouse,1970.97,6/26/2023,6/27/2023
ORD-238,Laptop,1472.7,9/29/2023,10/1/2023
ORD-239,Headphones,419.29,9/18/2023,9/19/2023
ORD-240,Keyboard,447.67,2/15/2023,2/25/2023
ORD-241,Laptop,1062.18,6/13/2023,6/15/2023
ORD-242,Keyboard,1227.62,9/10/2023,9/11/2023
ORD-243,Laptop,542.35,6/3/2023,6/10/2023
ORD-244,Tablet,342.09,4/16/2023,4/20/2023
ORD-245,Tablet,495.75,4/28/2023,5/3/2023
ORD-246,Laptop,62.87,9/14/2023,9/16/2023
ORD-247,Smartwatch,582.04,9/22/2023,9/28/2023
ORD-248,Keyboard,559.73,12/10/2023,12/16/2023
ORD-249,Mouse,1846.53,5/30/2023,6/1/2023
ORD-250,Monitor,1593.61,5/31/2023,6/5/2023
ORD-251,Headphones,169.88,7/28/2023,8/5/2023
ORD-252,Smartwatch,918.92,2/1/2023,2/6/2023
ORD-253,Headphones,209.95,10/1/2023,10/9/2023
ORD-254,Mouse,1021.3,1/27/2023,2/4/2023
ORD-255,Smartwatch,459.39,8/27/2023,9/5/2023
ORD-256,Headphones,1677.04,12/28/2023,1/4/2024
ORD-257,Monitor,1142.01,5/31/2023,6/1/2023
ORD-258,Tablet,1333.4,1/16/2023,1/18/2023
ORD-259,Smartphone,806,9/2/2023,9/6/2023
ORD-260,Laptop,717.82,11/25/2023,12/5/2023
ORD-261,Laptop,544.91,10/3/2023,10/10/2023
ORD-262,Laptop,65.54,7/6/2023,7/16/2023
ORD-263,Mouse,1528,8/15/2023,8/22/2023
ORD-264,Smartphone,1588.35,12/13/2023,12/21/2023
ORD-265,Headphones,653.32,7/23/2023,7/31/2023
ORD-266,Smartphone,1346.01,5/17/2023,5/23/2023
ORD-267,Headphones,1588.09,3/26/2023,4/5/2023
ORD-268,Tablet,320.25,11/4/2023,11/11/2023
ORD-269,Smartwatch,1164.96,7/13/2023,7/19/2023
ORD-270,Headphones,1088.95,7/16/2023,7/17/2023
ORD-271,Smartwatch,1077.72,11/19/2023,11/21/2023
ORD-272,Monitor,1101.75,9/23/2023,9/24/2023
ORD-273,Smartphone,1617.87,8/8/2023,8/12/2023
ORD-274,Tablet,1496.57,1/11/2023,1/15/2023
ORD-275,Headphones,1965.49,10/4/2023,10/5/2023
ORD-276,Headphones,446.18,9/2/2023,9/7/2023
ORD-277,Keyboard,108.48,11/16/2023,11/19/2023
ORD-278,Tablet,1050.58,12/12/2023,12/21/2023
ORD-279,Monitor,595.8,8/1/2023,8/11/2023
ORD-280,Smartphone,1712.24,3/19/2023,3/22/2023
ORD-281,Tablet,378.22,8/30/2023,9/6/2023
ORD-282,Laptop,321.44,11/28/2023,12/3/2023
ORD-283,Keyboard,1633,8/23/2023,8/24/2023
ORD-284,Laptop,1537.02,12/5/2023,12/10/2023
ORD-285,Smartphone,884.21,12/17/2023,12/22/2023
ORD-286,Monitor,426.83,8/11/2023,8/18/2023
ORD-287,Laptop,231.31,12/25/2023,12/29/2023
ORD-288,Monitor,287.53,5/19/2023,5/23/2023
ORD-289,Laptop,134.99,12/24/2023,12/25/2023
ORD-290,Tablet,1975.58,3/19/2023,3/23/2023
ORD-291,Smartwatch,1226.81,4/18/2023,4/23/2023
ORD-292,Monitor,576.65,6/25/2023,6/29/2023
ORD-293,Smartwatch,987.58,6/12/2023,6/20/2023
ORD-294,Laptop,712.83,7/9/2023,7/19/2023
ORD-295,Laptop,478.22,11/12/2023,11/15/2023
ORD-296,Headphones,780.96,6/9/2023,6/12/2023
ORD-297,Smartphone,1968.73,7/18/2023,7/20/2023
ORD-298,Keyboard,1608.24,2/26/2023,2/28/2023
ORD-299,Headphones,1567.73,5/31/2023,6/6/2023
ORD-300,Smartphone,1597.31,2/1/2023,2/6/2023
ORD-301,Monitor,938.39,9/4/2023,9/14/2023
ORD-302,Tablet,1539.05,2/25/2023,3/1/2023
ORD-303,Keyboard,1876.87,6/2/2023,6/6/2023
ORD-304,Smartwatch,1790.19,3/17/2023,3/22/2023
ORD-305,Headphones,1611.33,5/28/2023,6/2/2023
ORD-306,Headphones,1117.89,6/21/2023,6/28/2023
ORD-307,Headphones,270.23,8/31/2023,9/7/2023
ORD-308,Mouse,163.55,2/26/2023,3/2/2023
ORD-309,Monitor,1466.77,12/5/2023,12/6/2023
ORD-310,Tablet,764.7,2/10/2023,2/18/2023
ORD-311,Keyboard,1162.3,9/8/2023,9/10/2023
ORD-312,Laptop,706.83,5/18/2023,5/26/2023
ORD-313,Monitor,1094.95,7/24/2023,7/31/2023
ORD-314,Laptop,1186.93,2/22/2023,2/26/2023
ORD-315,Headphones,1842,9/18/2023,9/25/2023
ORD-316,Laptop,476.14,2/24/2023,3/2/2023
ORD-317,Keyboard,346.55,3/4/2023,3/13/2023
ORD-318,Smartwatch,1945.49,11/2/2023,11/6/2023
ORD-319,Smartphone,1047.19,10/13/2023,10/16/2023
ORD-320,Mouse,291.81,1/24/2023,1/31/2023
ORD-321,Laptop,576.65,12/19/2023,12/20/2023
ORD-322,Mouse,487.35,4/20/2023,4/28/2023
ORD-323,Smartphone,390.53,8/28/2023,9/6/2023
ORD-324,Keyboard,1841.81,5/15/2023,5/23/2023
ORD-325,Headphones,1066.33,7/3/2023,7/10/2023
ORD-326,Smartphone,845.56,4/15/2023,4/21/2023
ORD-327,Monitor,1853.59,1/28/2023,2/5/2023
ORD-328,Laptop,273.13,1/13/2023,1/20/2023
ORD-329,Laptop,929.71,12/4/2023,12/10/2023
ORD-330,Tablet,1270.39,11/24/2023,12/1/2023
ORD-331,Smartphone,551.25,9/2/2023,9/11/2023
ORD-332,Tablet,453.42,12/21/2023,12/26/2023
ORD-333,Mouse,1776.47,10/21/2023,10/31/2023
ORD-334,Monitor,1597.81,1/25/2023,2/3/2023
ORD-335,Laptop,1985.86,11/1/2023,11/7/2023
ORD-336,Tablet,1104.49,2/3/2023,2/7/2023
ORD-337,Headphones,676.15,1/8/2023,1/15/2023
ORD-338,Smartwatch,610.09,12/11/2023,12/21/2023
ORD-339,Mouse,253.05,6/23/2023,7/3/2023
ORD-340,Mouse,1756,12/15/2023,12/19/2023
ORD-341,Tablet,846.24,1/22/2023,1/26/2023
ORD-342,Smartphone,686.67,11/18/2023,11/27/2023
ORD-343,Keyboard,470.56,3/9/2023,3/12/2023
ORD-344,Smartphone,515.02,2/8/2023,2/11/2023
ORD-345,Monitor,234.75,8/11/2023,8/16/2023
ORD-346,Keyboard,1851.69,2/21/2023,2/22/2023
ORD-347,Tablet,1879.61,2/26/2023,2/28/2023
ORD-348,Mouse,1472.05,1/25/2023,1/28/2023
ORD-349,Headphones,1522.59,8/6/2023,8/12/2023
ORD-350,Smartphone,387.56,8/18/2023,8/24/2023
ORD-351,Smartwatch,876.52,4/13/2023,4/22/2023
ORD-352,Mouse,1671.02,6/11/2023,6/16/2023
ORD-353,Headphones,1648.42,11/2/2023,11/6/2023
ORD-354,Monitor,1327.7,11/13/2023,11/19/2023
ORD-355,Keyboard,1843.8,4/19/2023,4/26/2023
ORD-356,Smartphone,1457.57,4/3/2023,4/12/2023
ORD-357,Smartphone,1702.83,1/23/2023,1/24/2023
ORD-358,Smartwatch,980.36,2/16/2023,2/25/2023
ORD-359,Smartphone,1652.31,5/14/2023,5/19/2023
ORD-360,Smartwatch,800.03,8/15/2023,8/16/2023
ORD-361,Mouse,778.4,5/2/2023,5/3/2023
ORD-362,Smartphone,968.12,4/19/2023,4/22/2023
ORD-363,Laptop,1353.48,5/7/2023,5/9/2023
ORD-364,Monitor,501.97,4/9/2023,4/16/2023
ORD-365,Laptop,891.19,7/5/2023,7/9/2023
ORD-366,Smartphone,1026.08,5/8/2023,5/9/2023
ORD-367,Tablet,1491.54,5/4/2023,5/10/2023
ORD-368,Headphones,319.85,4/23/2023,5/3/2023
ORD-369,Headphones,501.51,2/26/2023,3/1/2023
ORD-370,Tablet,1871.81,2/17/2023,2/25/2023
ORD-371,Smartphone,564,3/5/2023,3/8/2023
ORD-372,Smartphone,1069.13,5/16/2023,5/17/2023
ORD-373,Keyboard,1322.57,9/16/2023,9/26/2023
ORD-374,Monitor,1669.35,1/29/2023,1/30/2023
ORD-375,Mouse,950.64,4/3/2023,4/8/2023
ORD-376,Smartphone,989.05,11/30/2023,12/7/2023
ORD-377,Smartphone,1321.81,5/9/2023,5/15/2023
ORD-378,Smartwatch,309.3,5/15/2023,5/19/2023
ORD-379,Monitor,1828.88,10/30/2023,11/8/2023
ORD-380,Headphones,1829.08,3/21/2023,3/25/2023
ORD-381,Headphones,157.63,11/25/2023,12/5/2023
ORD-382,Smartwatch,374.71,5/9/2023,5/11/2023
ORD-383,Laptop,1702.27,11/13/2023,11/20/2023
ORD-384,Laptop,1171.55,1/23/2023,1/31/2023
ORD-385,Keyboard,714.88,9/17/2023,9/20/2023
ORD-386,Smartphone,1027.67,10/13/2023,10/22/2023
ORD-387,Monitor,1924.95,4/25/2023,4/28/2023
ORD-388,Headphones,1352.37,7/29/2023,8/3/2023
ORD-389,Smartwatch,483.82,12/2/2023,12/6/2023
ORD-390,Smartwatch,896.83,2/9/2023,2/15/2023
ORD-391,Mouse,785.88,7/20/2023,7/24/2023
ORD-392,Headphones,908.29,12/28/2023,12/31/2023
ORD-393,Smartwatch,660.26,8/10/2023,8/14/2023
ORD-394,Smartphone,474.89,2/10/2023,2/11/2023
ORD-395,Monitor,1067.16,1/23/2023,2/1/2023
ORD-396,Smartwatch,956.27,1/27/2023,2/1/2023
ORD-397,Tablet,1937.43,3/24/2023,3/30/2023
ORD-398,Tablet,137.55,9/13/2023,9/18/2023
ORD-399,Keyboard,1909.11,6/12/2023,6/20/2023
ORD-400,Headphones,1394.54,1/31/2023,2/8/2023
ORD-401,Keyboard,716.8,10/13/2023,10/17/2023
ORD-402,Smartwatch,1418.14,12/8/2023,12/13/2023
ORD-403,Keyboard,1598.13,1/5/2023,1/11/2023
ORD-404,Monitor,412.1,4/16/2023,4/26/2023
ORD-405,Headphones,85.74,8/15/2023,8/23/2023
ORD-406,Keyboard,343.84,3/8/2023,3/9/2023
ORD-407,Laptop,884.51,4/28/2023,5/3/2023
ORD-408,Mouse,1082.25,2/5/2023,2/11/2023
ORD-409,Keyboard,1421.83,5/10/2023,5/17/2023
ORD-410,Smartphone,1998.92,1/28/2023,2/7/2023
ORD-411,Headphones,1824.01,12/13/2023,12/19/2023
ORD-412,Laptop,237.02,4/18/2023,4/23/2023
ORD-413,Headphones,915.09,6/18/2023,6/23/2023
ORD-414,Mouse,190.59,8/22/2023,8/28/2023
ORD-415,Smartphone,1802.19,10/31/2023,11/8/2023
ORD-416,Mouse,1038.66,5/14/2023,5/19/2023
ORD-417,Headphones,755,2/23/2023,2/27/2023
ORD-418,Tablet,231.8,10/7/2023,10/9/2023
ORD-419,Monitor,500.63,12/17/2023,12/22/2023
ORD-420,Keyboard,265.93,7/10/2023,7/17/2023
ORD-421,Smartwatch,449.05,11/29/2023,12/1/2023
ORD-422,Monitor,1619.41,6/11/2023,6/20/2023
ORD-423,Headphones,1052.8,10/25/2023,11/4/2023
ORD-424,Laptop,907.12,3/13/2023,3/16/2023
ORD-425,Mouse,234.61,7/16/2023,7/21/2023
ORD-426,Smartphone,877.64,5/25/2023,6/4/2023
ORD-427,Keyboard,1848.92,5/27/2023,6/1/2023
ORD-428,Tablet,1925.76,10/10/2023,10/12/2023
ORD-429,Monitor,1468.47,10/28/2023,11/3/2023
ORD-430,Mouse,320.49,5/18/2023,5/21/2023
ORD-431,Tablet,993.76,10/6/2023,10/9/2023
ORD-432,Laptop,512.69,1/3/2023,1/12/2023
ORD-433,Laptop,82.74,7/20/2023,7/28/2023
ORD-434,Tablet,100.31,6/28/2023,7/6/2023
ORD-435,Monitor,83.92,10/30/2023,11/1/2023
ORD-436,Headphones,935.78,8/14/2023,8/22/2023
ORD-437,Smartphone,589.02,5/13/2023,5/17/2023
ORD-438,Smartphone,1185.19,10/4/2023,10/12/2023
ORD-439,Tablet,769.17,11/22/2023,11/27/2023
ORD-440,Laptop,534.61,11/3/2023,11/7/2023
ORD-441,Monitor,1827.32,8/25/2023,8/27/2023
ORD-442,Monitor,1269.52,4/12/2023,4/17/2023
ORD-443,Keyboard,856.52,5/27/2023,6/2/2023
ORD-444,Smartphone,1067.37,7/16/2023,7/20/2023
ORD-445,Headphones,1980.13,11/30/2023,12/4/2023
ORD-446,Smartwatch,1856,10/20/2023,10/24/2023
ORD-447,Keyboard,420.63,3/21/2023,3/30/2023
ORD-448,Headphones,216.79,2/27/2023,3/9/2023
ORD-449,Keyboard,1015.72,2/18/2023,2/20/2023
ORD-450,Smartphone,458.92,2/8/2023,2/9/2023
ORD-451,Tablet,1212.98,8/29/2023,9/2/2023
ORD-452,Tablet,1442.95,7/13/2023,7/22/2023
ORD-453,Mouse,154.25,12/1/2023,12/8/2023
ORD-454,Headphones,1151.31,12/29/2023,1/4/2024
ORD-455,Smartphone,193.21,5/6/2023,5/7/2023
ORD-456,Smartphone,217.34,12/27/2023,1/1/2024
ORD-457,Keyboard,770.15,9/14/2023,9/18/2023
ORD-458,Tablet,816.71,7/9/2023,7/19/2023
ORD-459,Keyboard,830.9,1/27/2023,1/29/2023
ORD-460,Tablet,1665.52,6/27/2023,6/28/2023
ORD-461,Laptop,508.9,1/29/2023,2/8/2023
ORD-462,Smartphone,660.97,8/28/2023,9/2/2023
ORD-463,Smartphone,1598.71,10/16/2023,10/21/2023
ORD-464,Headphones,303.98,8/24/2023,9/1/2023
ORD-465,Smartwatch,699.24,12/13/2023,12/20/2023
ORD-466,Monitor,921.66,9/6/2023,9/12/2023
ORD-467,Keyboard,50.3,5/30/2023,6/2/2023
ORD-468,Monitor,1171.61,3/23/2023,3/25/2023
ORD-469,Mouse,1202.34,9/10/2023,9/17/2023
ORD-470,Monitor,1599.58,9/13/2023,9/17/2023
ORD-471,Smartphone,97.05,7/14/2023,7/20/2023
ORD-472,Headphones,1663.49,5/17/2023,5/19/2023
ORD-473,Laptop,1144.29,1/24/2023,2/1/2023
ORD-474,Smartwatch,406.92,2/25/2023,3/6/2023
ORD-475,Smartwatch,1485.85,1/9/2023,1/15/2023
ORD-476,Monitor,288.08,5/27/2023,5/28/2023
ORD-477,Mouse,1534.2,11/22/2023,11/25/2023
ORD-478,Headphones,130.33,1/6/2023,1/16/2023
ORD-479,Mouse,1883.99,12/14/2023,12/21/2023
ORD-480,Monitor,1841.89,2/21/2023,2/25/2023
ORD-481,Smartwatch,469.7,3/10/2023,3/13/2023
ORD-482,Smartwatch,175.03,9/4/2023,9/6/2023
ORD-483,Smartwatch,665.36,11/3/2023,11/13/2023
ORD-484,Headphones,960.31,11/1/2023,11/8/2023
ORD-485,Smartwatch,360.59,10/7/2023,10/8/2023
ORD-486,Keyboard,1502.7,8/7/2023,8/10/2023
ORD-487,Laptop,593.72,4/25/2023,5/5/2023
ORD-488,Headphones,1426.53,1/12/2023,1/18/2023
ORD-489,Tablet,1175.49,11/21/2023,11/30/2023
ORD-490,Mouse,1686.36,7/13/2023,7/15/2023
ORD-491,Tablet,828.19,4/24/2023,4/30/2023
ORD-492,Laptop,1883.49,12/15/2023,12/18/2023
ORD-493,Smartphone,597.07,1/26/2023,1/29/2023
ORD-494,Mouse,1682.52,9/18/2023,9/19/2023
ORD-495,Tablet,309.02,7/25/2023,7/29/2023
ORD-496,Mouse,763.57,10/10/2023,10/15/2023
ORD-497,Keyboard,1400.71,7/11/2023,7/20/2023
ORD-498,Monitor,1870.55,2/27/2023,3/4/2023
ORD-499,Mouse,1568.25,1/26/2023,2/1/2023
ORD-500,Keyboard,241.91,8/25/2023,8/30/2023
ORD-501,Smartwatch,361.67,3/31/2023,4/8/2023
ORD-502,Keyboard,79.44,7/7/2023,7/14/2023
ORD-503,Smartwatch,1797.17,2/8/2023,2/17/2023
ORD-504,Tablet,472.46,11/21/2023,11/25/2023
ORD-505,Keyboard,281.27,6/20/2023,6/29/2023
ORD-506,Mouse,1500.95,10/20/2023,10/23/2023
ORD-507,Smartphone,478.92,11/2/2023,11/11/2023
ORD-508,Monitor,1823.84,4/29/2023,5/3/2023
ORD-509,Smartphone,498.95,10/11/2023,10/19/2023
ORD-510,Monitor,298.44,12/29/2023,1/8/2024
ORD-511,Keyboard,582.61,1/3/2023,1/12/2023
ORD-512,Laptop,836.04,5/11/2023,5/21/2023
ORD-513,Smartphone,1463.69,10/27/2023,11/3/2023
ORD-514,Tablet,503.09,6/12/2023,6/14/2023
ORD-515,Tablet,1868.03,10/20/2023,10/24/2023
ORD-516,Monitor,1875.54,8/3/2023,8/11/2023
ORD-517,Smartwatch,1185,12/6/2023,12/10/2023
ORD-518,Headphones,878.48,12/10/2023,12/11/2023
ORD-519,Laptop,961.98,4/9/2023,4/18/2023
ORD-520,Laptop,1997.91,2/9/2023,2/11/2023
ORD-521,Laptop,1424.3,10/23/2023,10/31/2023
ORD-522,Smartwatch,1784.1,5/23/2023,5/28/2023
ORD-523,Smartphone,1172.6,12/27/2023,1/4/2024
ORD-524,Keyboard,766.77,9/4/2023,9/9/2023
ORD-525,Smartphone,1703.9,5/6/2023,5/9/2023
ORD-526,Laptop,126.11,3/27/2023,3/29/2023
ORD-527,Monitor,216.49,3/10/2023,3/14/2023
ORD-528,Tablet,1483.54,8/13/2023,8/15/2023
ORD-529,Monitor,574.65,3/12/2023,3/14/2023
ORD-530,Mouse,1443.59,11/28/2023,12/5/2023
ORD-531,Tablet,530.12,6/19/2023,6/23/2023
ORD-532,Monitor,1620.3,8/24/2023,8/25/2023
ORD-533,Laptop,237.27,6/24/2023,7/4/2023
ORD-534,Keyboard,1319.79,6/20/2023,6/26/2023
ORD-535,Headphones,173.04,2/5/2023,2/15/2023
ORD-536,Tablet,459.19,10/4/2023,10/5/2023
ORD-537,Smartwatch,882.38,3/31/2023,4/5/2023
ORD-538,Laptop,1055.72,10/12/2023,10/14/2023
ORD-539,Monitor,1445.43,7/16/2023,7/24/2023
ORD-540,Keyboard,424.48,5/1/2023,5/10/2023
ORD-541,Keyboard,797.05,8/2/2023,8/7/2023
ORD-542,Smartwatch,878.1,12/14/2023,12/22/2023
ORD-543,Monitor,101.69,3/6/2023,3/9/2023
ORD-544,Mouse,1382.68,12/10/2023,12/15/2023
ORD-545,Mouse,737.93,7/18/2023,7/19/2023
ORD-546,Monitor,1644.36,10/3/2023,10/6/2023
ORD-547,Headphones,1295.67,10/5/2023,10/9/2023
ORD-548,Headphones,1101.39,6/20/2023,6/22/2023
ORD-549,Smartphone,1377.68,9/23/2023,10/2/2023
ORD-550,Keyboard,1023.44,10/30/2023,11/7/2023
ORD-551,Headphones,389.9,8/18/2023,8/23/2023
ORD-552,Tablet,1110.38,10/9/2023,10/17/2023
ORD-553,Keyboard,1119.72,8/12/2023,8/15/2023
ORD-554,Laptop,106.14,4/6/2023,4/14/2023
ORD-555,Keyboard,1062.74,1/10/2023,1/18/2023
ORD-556,Monitor,1309.45,2/18/2023,2/20/2023
ORD-557,Monitor,631.95,3/8/2023,3/11/2023
ORD-558,Laptop,1453.77,1/4/2023,1/7/2023
ORD-559,Monitor,143.06,8/21/2023,8/27/2023
ORD-560,Smartwatch,1250.43,8/28/2023,9/2/2023
ORD-561,Mouse,841.32,11/26/2023,12/2/2023
ORD-562,Smartphone,726.23,1/27/2023,2/3/2023
ORD-563,Tablet,1148.89,12/27/2023,1/6/2024
ORD-564,Headphones,1798.71,2/10/2023,2/11/2023
ORD-565,Tablet,845.69,11/17/2023,11/20/2023
ORD-566,Headphones,479.55,5/17/2023,5/22/2023
ORD-567,Tablet,1737.19,6/7/2023,6/17/2023
ORD-568,Smartwatch,1261,5/6/2023,5/13/2023
ORD-569,Laptop,1870.99,5/27/2023,5/30/2023
ORD-570,Mouse,1412.76,9/4/2023,9/14/2023
ORD-571,Smartwatch,483.01,6/1/2023,6/2/2023
ORD-572,Smartwatch,557.1,5/30/2023,6/1/2023
ORD-573,Laptop,1335.74,10/15/2023,10/23/2023
ORD-574,Laptop,1715.58,3/9/2023,3/15/2023
ORD-575,Keyboard,1051.86,9/21/2023,9/24/2023
ORD-576,Smartphone,674.56,3/11/2023,3/19/2023
ORD-577,Smartwatch,368.9,5/5/2023,5/8/2023
ORD-578,Mouse,1329.69,2/10/2023,2/15/2023
ORD-579,Keyboard,1493.54,6/14/2023,6/15/2023
ORD-580,Mouse,1994.72,10/1/2023,10/4/2023
ORD-581,Tablet,156.68,10/27/2023,10/31/2023
ORD-582,Keyboard,597.86,4/17/2023,4/27/2023
ORD-583,Smartwatch,951.1,8/30/2023,9/7/2023
ORD-584,Monitor,1382.16,6/22/2023,6/23/2023
ORD-585,Mouse,995.75,8/17/2023,8/23/2023
ORD-586,Headphones,1521.32,2/18/2023,2/27/2023
ORD-587,Mouse,1638.76,11/5/2023,11/14/2023
ORD-588,Monitor,1548.25,4/3/2023,4/7/2023
ORD-589,Laptop,1489.29,4/13/2023,4/20/2023
ORD-590,Mouse,90.95,6/11/2023,6/15/2023
ORD-591,Keyboard,1146.92,8/23/2023,8/29/2023
ORD-592,Mouse,986.48,8/25/2023,9/3/2023
ORD-593,Mouse,472.38,9/30/2023,10/2/2023
ORD-594,Keyboard,1948.31,3/25/2023,3/30/2023
ORD-595,Mouse,1784.57,5/19/2023,5/24/2023
ORD-596,Smartphone,633.46,11/16/2023,11/22/2023
ORD-597,Headphones,1604.19,11/2/2023,11/8/2023
ORD-598,Tablet,1046.73,8/8/2023,8/14/2023
ORD-599,Smartphone,827.44,4/1/2023,4/7/2023
ORD-600,Keyboard,1808.55,1/21/2023,1/31/2023
ORD-601,Smartphone,767.42,3/28/2023,3/29/2023
ORD-602,Keyboard,409.08,1/13/2023,1/19/2023
ORD-603,Monitor,1643.52,5/29/2023,6/4/2023
ORD-604,Smartwatch,263.25,7/28/2023,8/4/2023
ORD-605,Mouse,622.85,9/10/2023,9/17/2023
ORD-606,Headphones,870.32,4/21/2023,4/30/2023
ORD-607,Keyboard,1809.71,7/27/2023,8/4/2023
ORD-608,Keyboard,1228.4,10/27/2023,10/31/2023
ORD-609,Mouse,1098.62,12/21/2023,12/30/2023
ORD-610,Keyboard,946.55,11/26/2023,12/2/2023
ORD-611,Mouse,1427.32,12/15/2023,12/19/2023
ORD-612,Tablet,658.06,10/13/2023,10/14/2023
ORD-613,Monitor,1887.74,9/25/2023,9/26/2023
ORD-614,Headphones,335.37,5/29/2023,6/3/2023
ORD-615,Monitor,382.54,11/29/2023,12/7/2023
ORD-616,Smartphone,1462.22,12/10/2023,12/20/2023
ORD-617,Mouse,182.13,6/28/2023,6/29/2023
ORD-618,Smartwatch,66.55,1/7/2023,1/8/2023
ORD-619,Monitor,694.81,12/2/2023,12/5/2023
ORD-620,Mouse,1509.54,6/21/2023,6/23/2023
ORD-621,Tablet,1892.91,1/11/2023,1/13/2023
ORD-622,Smartwatch,320.92,10/7/2023,10/10/2023
ORD-623,Smartwatch,902.43,5/3/2023,5/10/2023
ORD-624,Tablet,1198.17,1/9/2023,1/12/2023
ORD-625,Headphones,895.46,3/30/2023,4/5/2023
ORD-626,Tablet,1839.38,9/19/2023,9/29/2023
ORD-627,Monitor,669.18,11/3/2023,11/4/2023
ORD-628,Tablet,476.34,6/20/2023,6/25/2023
ORD-629,Laptop,1437.66,6/26/2023,6/28/2023
ORD-630,Keyboard,878.73,7/7/2023,7/10/2023
ORD-631,Smartphone,1505.19,7/4/2023,7/12/2023
ORD-632,Mouse,1890.21,11/17/2023,11/24/2023
ORD-633,Headphones,915.23,4/24/2023,4/30/2023
ORD-634,Keyboard,1703.64,9/13/2023,9/17/2023
ORD-635,Tablet,1248.63,2/9/2023,2/19/2023
ORD-636,Smartwatch,1209.36,4/2/2023,4/8/2023
ORD-637,Mouse,1814.4,11/22/2023,11/28/2023
ORD-638,Laptop,1892.58,1/11/2023,1/14/2023
ORD-639,Laptop,1722.67,3/9/2023,3/10/2023
ORD-640,Headphones,1891.06,10/15/2023,10/20/2023
ORD-641,Headphones,1903.28,7/7/2023,7/11/2023
ORD-642,Tablet,1397.28,7/18/2023,7/23/2023
ORD-643,Smartwatch,1127.73,9/23/2023,10/2/2023
ORD-644,Tablet,551.52,8/22/2023,8/28/2023
ORD-645,Keyboard,1165.21,4/26/2023,4/28/2023
ORD-646,Tablet,1867,4/22/2023,4/28/2023
ORD-647,Tablet,1898.31,4/18/2023,4/28/2023
ORD-648,Monitor,297.12,10/5/2023,10/11/2023
ORD-649,Tablet,1535.88,2/2/2023,2/9/2023
ORD-650,Smartphone,1104.81,2/4/2023,2/13/2023
ORD-651,Headphones,645.87,9/28/2023,10/2/2023
ORD-652,Mouse,315.22,12/7/2023,12/14/2023
ORD-653,Monitor,281.75,4/22/2023,4/26/2023
ORD-654,Smartphone,1419.86,1/8/2023,1/14/2023
ORD-655,Tablet,104.55,7/22/2023,7/29/2023
ORD-656,Monitor,316.76,4/22/2023,4/26/2023
ORD-657,Headphones,1995.32,11/17/2023,11/22/2023
ORD-658,Mouse,1765.88,3/14/2023,3/23/2023
ORD-659,Monitor,363.79,1/20/2023,1/24/2023
ORD-660,Laptop,1172.3,5/15/2023,5/16/2023
ORD-661,Tablet,86.39,4/11/2023,4/19/2023
ORD-662,Keyboard,533.93,6/4/2023,6/5/2023
ORD-663,Headphones,402.04,10/9/2023,10/10/2023
ORD-664,Smartwatch,1742.82,1/3/2023,1/13/2023
ORD-665,Laptop,435.84,7/14/2023,7/18/2023
ORD-666,Mouse,173.94,2/19/2023,2/25/2023
ORD-667,Smartwatch,218.93,4/25/2023,4/26/2023
ORD-668,Mouse,668.26,3/14/2023,3/19/2023
ORD-669,Mouse,217.07,8/26/2023,9/4/2023
ORD-670,Smartwatch,1426.05,1/9/2023,1/14/2023
ORD-671,Mouse,664.53,9/14/2023,9/18/2023
ORD-672,Monitor,1686.09,8/4/2023,8/5/2023
ORD-673,Monitor,1342.43,8/26/2023,9/3/2023
ORD-674,Monitor,1707.96,7/8/2023,7/11/2023
ORD-675,Mouse,626.31,2/15/2023,2/22/2023
ORD-676,Tablet,1962.17,3/1/2023,3/8/2023
ORD-677,Keyboard,1345.87,11/21/2023,11/28/2023
ORD-678,Smartwatch,1681.17,8/8/2023,8/14/2023
ORD-679,Mouse,364.94,8/11/2023,8/17/2023
ORD-680,Monitor,1648.96,9/6/2023,9/8/2023
ORD-681,Headphones,1053.55,7/19/2023,7/20/2023
ORD-682,Headphones,414.35,2/12/2023,2/16/2023
ORD-683,Keyboard,1293.01,12/4/2023,12/8/2023
ORD-684,Laptop,823.25,4/3/2023,4/5/2023
ORD-685,Smartwatch,1770.63,12/21/2023,12/22/2023
ORD-686,Headphones,1751.2,12/22/2023,12/28/2023
ORD-687,Monitor,1248.31,7/9/2023,7/12/2023
ORD-688,Mouse,1935.84,11/30/2023,12/9/2023
ORD-689,Tablet,415.2,11/18/2023,11/22/2023
ORD-690,Laptop,1848.52,7/16/2023,7/23/2023
ORD-691,Monitor,116.25,6/6/2023,6/7/2023
ORD-692,Monitor,1467.74,5/17/2023,5/19/2023
ORD-693,Smartphone,1931.08,8/1/2023,8/4/2023
ORD-694,Laptop,1746.73,7/3/2023,7/4/2023
ORD-695,Laptop,717.62,4/5/2023,4/15/2023
ORD-696,Smartwatch,1756.6,6/18/2023,6/24/2023
ORD-697,Mouse,253.47,9/4/2023,9/10/2023
ORD-698,Smartphone,1895.54,3/27/2023,3/29/2023
ORD-699,Tablet,1274.71,1/10/2023,1/13/2023
ORD-700,Smartwatch,746.25,2/8/2023,2/12/2023
ORD-701,Keyboard,465.82,6/20/2023,6/25/2023
ORD-702,Smartwatch,948.18,2/23/2023,3/5/2023
ORD-703,Headphones,145.24,9/16/2023,9/26/2023
ORD-704,Monitor,1587.3,3/31/2023,4/4/2023
ORD-705,Laptop,1383.49,5/31/2023,6/1/2023
ORD-706,Smartwatch,135.05,5/25/2023,5/26/2023
ORD-707,Laptop,354.49,10/31/2023,11/10/2023
ORD-708,Smartphone,1520.04,5/2/2023,5/7/2023
ORD-709,Smartwatch,708.03,9/18/2023,9/19/2023
ORD-710,Tablet,696.17,10/7/2023,10/9/2023
ORD-711,Tablet,1480.93,7/3/2023,7/12/2023
ORD-712,Laptop,279.36,9/12/2023,9/19/2023
ORD-713,Tablet,1604.19,10/7/2023,10/16/2023
ORD-714,Tablet,1384.62,6/9/2023,6/10/2023
ORD-715,Keyboard,687.85,8/23/2023,9/1/2023
ORD-716,Keyboard,166.91,1/25/2023,1/29/2023
ORD-717,Laptop,359.03,9/12/2023,9/15/2023
ORD-718,Laptop,1892.68,3/8/2023,3/17/2023
ORD-719,Mouse,1019.94,12/6/2023,12/9/2023
ORD-720,Laptop,327.36,1/19/2023,1/28/2023
ORD-721,Headphones,123.84,8/31/2023,9/4/2023
ORD-722,Tablet,205.39,12/20/2023,12/23/2023
ORD-723,Smartwatch,728.07,6/5/2023,6/15/2023
ORD-724,Headphones,170.42,8/15/2023,8/19/2023
ORD-725,Keyboard,648.01,2/17/2023,2/20/2023
ORD-726,Smartwatch,556.59,4/2/2023,4/10/2023
ORD-727,Headphones,1131.84,3/24/2023,3/28/2023
ORD-728,Headphones,1121.84,7/23/2023,7/31/2023
ORD-729,Keyboard,587.76,6/4/2023,6/11/2023
ORD-730,Tablet,1059.75,9/12/2023,9/21/2023
ORD-731,Smartwatch,1098.36,10/27/2023,10/31/2023
ORD-732,Keyboard,271.23,6/24/2023,6/30/2023
ORD-733,Smartphone,628.89,9/2/2023,9/4/2023
ORD-734,Smartwatch,78.08,9/28/2023,10/7/2023
ORD-735,Smartwatch,1821.13,3/29/2023,4/2/2023
ORD-736,Headphones,1227.2,7/22/2023,7/26/2023
ORD-737,Smartphone,531.13,5/16/2023,5/17/2023
ORD-738,Headphones,1501.52,8/17/2023,8/27/2023
ORD-739,Keyboard,451.8,6/15/2023,6/22/2023
ORD-740,Smartphone,1294.47,6/1/2023,6/8/2023
ORD-741,Smartwatch,1331.82,4/25/2023,5/2/2023
ORD-742,Smartwatch,1024.08,9/16/2023,9/23/2023
ORD-743,Laptop,1524.24,7/24/2023,7/27/2023
ORD-744,Smartphone,1179.12,2/4/2023,2/6/2023
ORD-745,Laptop,1058.21,12/1/2023,12/5/2023
ORD-746,Headphones,546.88,4/1/2023,4/5/2023
ORD-747,Monitor,1838.94,7/19/2023,7/22/2023
ORD-748,Mouse,824,11/25/2023,12/3/2023
ORD-749,Smartphone,1022.36,12/3/2023,12/8/2023
ORD-750,Tablet,1958.21,3/16/2023,3/23/2023
ORD-751,Mouse,182.16,8/19/2023,8/25/2023
ORD-752,Headphones,1269.55,8/12/2023,8/13/2023
ORD-753,Smartwatch,1829.94,12/11/2023,12/21/2023
ORD-754,Smartwatch,1121.89,3/20/2023,3/25/2023
ORD-755,Keyboard,1535.16,6/4/2023,6/6/2023
ORD-756,Smartphone,321.73,1/2/2023,1/9/2023
ORD-757,Laptop,1945.2,5/12/2023,5/20/2023
ORD-758,Keyboard,1318.34,4/28/2023,4/30/2023
ORD-759,Headphones,1246.31,2/15/2023,2/24/2023
ORD-760,Smartwatch,904.72,4/1/2023,4/3/2023
ORD-761,Monitor,149.33,1/19/2023,1/23/2023
ORD-762,Smartwatch,1632.69,4/19/2023,4/28/2023
ORD-763,Smartwatch,909.24,11/22/2023,12/2/2023
ORD-764,Smartphone,316.53,8/27/2023,9/1/2023
ORD-765,Mouse,1380.46,4/21/2023,5/1/2023
ORD-766,Keyboard,252.49,5/26/2023,5/29/2023
ORD-767,Smartwatch,1992.84,5/13/2023,5/22/2023
ORD-768,Keyboard,1371.46,10/2/2023,10/4/2023
ORD-769,Headphones,1424.26,4/1/2023,4/5/2023
ORD-770,Smartphone,796.22,12/15/2023,12/22/2023
ORD-771,Mouse,907.3,11/11/2023,11/21/2023
ORD-772,Monitor,1215.15,8/14/2023,8/19/2023
ORD-773,Mouse,471.57,3/27/2023,4/6/2023
ORD-774,Mouse,1663.98,12/15/2023,12/22/2023
ORD-775,Mouse,1426.65,2/17/2023,2/21/2023
ORD-776,Smartphone,451.5,11/28/2023,12/6/2023
ORD-777,Laptop,1663.74,11/4/2023,11/14/2023
ORD-778,Smartwatch,1977.94,6/2/2023,6/11/2023
ORD-779,Monitor,174.08,7/8/2023,7/17/2023
ORD-780,Tablet,783.17,4/30/2023,5/9/2023
ORD-781,Keyboard,999.17,1/21/2023,1/23/2023
ORD-782,Keyboard,1929.9,8/24/2023,8/27/2023
ORD-783,Smartphone,200.58,12/24/2023,12/26/2023
ORD-784,Laptop,825.07,1/27/2023,2/3/2023
ORD-785,Monitor,1663.06,2/24/2023,3/2/2023
ORD-786,Laptop,1551.93,11/3/2023,11/12/2023
ORD-787,Smartwatch,976.76,6/12/2023,6/20/2023
ORD-788,Keyboard,1616.3,7/28/2023,8/3/2023
ORD-789,Mouse,1346.78,12/25/2023,1/2/2024
ORD-790,Smartwatch,1502.59,7/8/2023,7/16/2023
ORD-791,Keyboard,818.8,4/29/2023,5/9/2023
ORD-792,Smartwatch,1323.27,6/8/2023,6/12/2023
ORD-793,Laptop,1773.66,2/8/2023,2/14/2023
ORD-794,Tablet,915.51,5/26/2023,6/1/2023
ORD-795,Mouse,379.68,1/22/2023,1/30/2023
ORD-796,Keyboard,1622.34,6/18/2023,6/26/2023
ORD-797,Tablet,1764.88,10/27/2023,11/1/2023
ORD-798,Headphones,180.54,10/10/2023,10/11/2023
ORD-799,Monitor,82.18,12/23/2023,12/24/2023
ORD-800,Smartwatch,1417.91,9/24/2023,9/29/2023
ORD-801,Monitor,840.01,11/17/2023,11/21/2023
ORD-802,Mouse,1358.16,4/6/2023,4/7/2023
ORD-803,Laptop,717.25,4/8/2023,4/17/2023
ORD-804,Mouse,73.3,8/7/2023,8/9/2023
ORD-805,Smartwatch,1659.84,7/15/2023,7/23/2023
ORD-806,Keyboard,567.59,5/18/2023,5/28/2023
ORD-807,Mouse,397.9,6/21/2023,6/22/2023
ORD-808,Tablet,1492.12,10/20/2023,10/21/2023
ORD-809,Smartwatch,1399.78,4/10/2023,4/14/2023
ORD-810,Smartwatch,572.63,12/10/2023,12/17/2023
ORD-811,Monitor,1041.93,11/19/2023,11/27/2023
ORD-812,Keyboard,1781.89,9/15/2023,9/22/2023
ORD-813,Smartwatch,1262.96,8/29/2023,9/3/2023
ORD-814,Laptop,838.39,5/19/2023,5/28/2023
ORD-815,Keyboard,323.89,6/28/2023,7/7/2023
ORD-816,Mouse,402.89,2/8/2023,2/16/2023
ORD-817,Monitor,116.1,7/31/2023,8/1/2023
ORD-818,Keyboard,1688.04,3/13/2023,3/16/2023
ORD-819,Keyboard,640.77,8/24/2023,9/1/2023
ORD-820,Laptop,1641.65,5/11/2023,5/17/2023
ORD-821,Monitor,1356.91,8/7/2023,8/8/2023
ORD-822,Keyboard,372.47,12/22/2023,12/28/2023
ORD-823,Tablet,412.18,2/5/2023,2/9/2023
ORD-824,Laptop,1930.67,9/16/2023,9/17/2023
ORD-825,Mouse,1720.96,5/8/2023,5/14/2023
ORD-826,Monitor,1902.08,7/5/2023,7/13/2023
ORD-827,Smartwatch,697.57,10/26/2023,10/27/2023
ORD-828,Smartwatch,1849.83,12/4/2023,12/7/2023
ORD-829,Laptop,130.96,3/24/2023,3/29/2023
ORD-830,Keyboard,267.31,12/22/2023,12/31/2023
ORD-831,Smartphone,1203.38,12/28/2023,12/29/2023
ORD-832,Mouse,351.76,11/12/2023,11/14/2023
ORD-833,Smartphone,815.77,12/9/2023,12/19/2023
ORD-834,Keyboard,1268.13,1/19/2023,1/24/2023
ORD-835,Headphones,633.24,9/21/2023,9/25/2023
ORD-836,Keyboard,347.81,4/7/2023,4/14/2023
ORD-837,Tablet,1848.36,1/16/2023,1/22/2023
ORD-838,Headphones,206.94,4/30/2023,5/6/2023
ORD-839,Smartphone,1048.41,10/10/2023,10/12/2023
ORD-840,Monitor,888.77,5/28/2023,6/5/2023
ORD-841,Smartwatch,822.75,1/9/2023,1/16/2023
ORD-842,Tablet,301.34,8/18/2023,8/19/2023
ORD-843,Laptop,626.53,3/11/2023,3/12/2023
ORD-844,Smartphone,300.96,6/25/2023,6/30/2023
ORD-845,Headphones,1760.56,4/21/2023,4/23/2023
ORD-846,Smartphone,1290.71,4/23/2023,4/30/2023
ORD-847,Mouse,637.11,3/1/2023,3/5/2023
ORD-848,Smartphone,1283.43,8/5/2023,8/10/2023
ORD-849,Headphones,1610.24,8/26/2023,9/1/2023
ORD-850,Mouse,481.08,3/18/2023,3/21/2023
ORD-851,Keyboard,109.38,11/24/2023,12/4/2023
ORD-852,Laptop,346.42,12/16/2023,12/26/2023
ORD-853,Monitor,1993.22,3/13/2023,3/23/2023
ORD-854,Tablet,429.15,12/8/2023,12/11/2023
ORD-855,Keyboard,1831.96,5/27/2023,5/30/2023
ORD-856,Keyboard,980.9,5/22/2023,5/28/2023
ORD-857,Smartphone,1267.32,12/13/2023,12/20/2023
ORD-858,Mouse,1896.8,11/20/2023,11/27/2023
ORD-859,Headphones,594.3,6/11/2023,6/21/2023
ORD-860,Keyboard,462.71,9/7/2023,9/15/2023
ORD-861,Tablet,299.36,12/5/2023,12/12/2023
ORD-862,Tablet,956.42,5/23/2023,6/2/2023
ORD-863,Laptop,427.54,9/26/2023,9/30/2023
ORD-864,Headphones,214.6,11/13/2023,11/21/2023
ORD-865,Mouse,1979.86,5/19/2023,5/22/2023
ORD-866,Mouse,1135.54,11/15/2023,11/22/2023
ORD-867,Tablet,828.12,11/29/2023,12/4/2023
ORD-868,Keyboard,139.78,7/31/2023,8/9/2023
ORD-869,Headphones,126.96,1/2/2023,1/3/2023
ORD-870,Smartphone,644.77,4/11/2023,4/12/2023
ORD-871,Smartphone,1155.59,8/21/2023,8/24/2023
ORD-872,Laptop,1106.96,1/9/2023,1/10/2023
ORD-873,Headphones,1714.68,6/23/2023,7/2/2023
ORD-874,Smartwatch,908.12,3/14/2023,3/19/2023
ORD-875,Monitor,748.56,7/14/2023,7/15/2023
ORD-876,Monitor,771.19,8/11/2023,8/16/2023
ORD-877,Headphones,1725.16,6/20/2023,6/25/2023
ORD-878,Smartphone,1693.66,1/24/2023,1/26/2023
ORD-879,Smartwatch,1451.87,1/28/2023,2/4/2023
ORD-880,Laptop,443.57,12/22/2023,12/30/2023
ORD-881,Smartphone,1017.59,12/30/2023,1/4/2024
ORD-882,Laptop,429.03,5/22/2023,5/31/2023
ORD-883,Laptop,352.36,1/19/2023,1/27/2023
ORD-884,Monitor,875.33,7/26/2023,8/4/2023
ORD-885,Monitor,1673.75,6/14/2023,6/22/2023
ORD-886,Tablet,273.96,6/20/2023,6/23/2023
ORD-887,Headphones,1155.68,3/24/2023,3/30/2023
ORD-888,Smartwatch,836.47,10/12/2023,10/14/2023
ORD-889,Mouse,1639.73,4/6/2023,4/16/2023
ORD-890,Monitor,647.57,2/22/2023,2/23/2023
ORD-891,Mouse,1170.45,7/3/2023,7/7/2023
ORD-892,Smartphone,1934.22,10/6/2023,10/15/2023
ORD-893,Smartwatch,517.31,10/11/2023,10/20/2023
ORD-894,Tablet,1071.24,9/3/2023,9/9/2023
ORD-895,Keyboard,406.42,4/8/2023,4/9/2023
ORD-896,Laptop,1891.4,8/10/2023,8/17/2023
ORD-897,Tablet,804.09,10/26/2023,10/28/2023
ORD-898,Tablet,615.54,6/20/2023,6/26/2023
ORD-899,Mouse,136.42,3/16/2023,3/20/2023
ORD-900,Keyboard,638.93,3/19/2023,3/25/2023
ORD-901,Tablet,1339.8,10/19/2023,10/21/2023
ORD-902,Mouse,1073.68,1/16/2023,1/17/2023
ORD-903,Keyboard,1444.39,8/8/2023,8/16/2023
ORD-904,Smartphone,1980.46,7/25/2023,8/4/2023
ORD-905,Keyboard,1925.7,8/15/2023,8/21/2023
ORD-906,Tablet,1431.96,10/11/2023,10/16/2023
ORD-907,Monitor,379.27,4/19/2023,4/26/2023
ORD-908,Monitor,1969.66,5/10/2023,5/19/2023
ORD-909,Smartphone,1050.23,10/29/2023,11/4/2023
ORD-910,Laptop,1094.52,3/21/2023,3/22/2023
ORD-911,Smartphone,1954.5,9/22/2023,9/24/2023
ORD-912,Smartwatch,923.15,10/20/2023,10/25/2023
ORD-913,Smartphone,194.51,2/24/2023,3/2/2023
ORD-914,Smartphone,1760.15,2/4/2023,2/9/2023
ORD-915,Headphones,1244.19,11/3/2023,11/9/2023
ORD-916,Monitor,1784.19,7/7/2023,7/14/2023
ORD-917,Smartwatch,1212.77,2/24/2023,2/25/2023
ORD-918,Smartwatch,1741.28,2/3/2023,2/12/2023
ORD-919,Monitor,416.54,11/24/2023,12/1/2023
ORD-920,Smartwatch,199.22,2/17/2023,2/23/2023
ORD-921,Headphones,276.58,10/1/2023,10/2/2023
ORD-922,Headphones,188.6,8/6/2023,8/8/2023
ORD-923,Smartphone,1404.02,4/17/2023,4/20/2023
ORD-924,Keyboard,648.57,2/19/2023,2/23/2023
ORD-925,Tablet,1030.24,11/7/2023,11/11/2023
ORD-926,Smartphone,1893.97,6/14/2023,6/18/2023
ORD-927,Tablet,97.17,3/8/2023,3/11/2023
ORD-928,Headphones,1282.24,3/5/2023,3/11/2023
ORD-929,Laptop,307.6,4/1/2023,4/4/2023
ORD-930,Keyboard,1189.29,11/13/2023,11/23/2023
ORD-931,Smartphone,1850.78,2/13/2023,2/18/2023
ORD-932,Mouse,1645.88,6/3/2023,6/7/2023
ORD-933,Smartphone,315.97,1/30/2023,2/8/2023
ORD-934,Headphones,1647.22,3/22/2023,3/23/2023
ORD-935,Monitor,1501.27,8/11/2023,8/19/2023
ORD-936,Smartphone,1417.85,10/16/2023,10/24/2023
ORD-937,Keyboard,1695.57,2/7/2023,2/13/2023
ORD-938,Laptop,465.64,8/10/2023,8/17/2023
ORD-939,Mouse,876.73,12/29/2023,1/3/2024
ORD-940,Monitor,299.73,3/28/2023,4/1/2023
ORD-941,Smartphone,531.59,12/6/2023,12/9/2023
ORD-942,Smartwatch,855.18,7/20/2023,7/24/2023
ORD-943,Laptop,949.06,11/25/2023,11/26/2023
ORD-944,Smartphone,229.41,10/30/2023,11/9/2023
ORD-945,Tablet,621.41,9/8/2023,9/17/2023
ORD-946,Tablet,1231.69,4/22/2023,4/30/2023
ORD-947,Keyboard,1606.42,8/24/2023,8/27/2023
ORD-948,Laptop,327.73,2/15/2023,2/18/2023
ORD-949,Smartwatch,1472.48,11/27/2023,12/5/2023
ORD-950,Mouse,1770.14,12/4/2023,12/7/2023
ORD-951,Keyboard,816.37,7/6/2023,7/11/2023
ORD-952,Smartwatch,158.12,9/12/2023,9/18/2023
ORD-953,Smartwatch,1778.52,6/18/2023,6/21/2023
ORD-954,Tablet,1258.77,2/11/2023,2/18/2023
ORD-955,Tablet,613.62,4/13/2023,4/22/2023
ORD-956,Headphones,1113.18,4/15/2023,4/22/2023
ORD-957,Headphones,1203.52,2/3/2023,2/4/2023
ORD-958,Keyboard,1590.04,9/18/2023,9/26/2023
ORD-959,Smartwatch,1335.65,10/20/2023,10/23/2023
ORD-960,Smartwatch,1856.47,5/29/2023,6/4/2023
ORD-961,Smartwatch,1668.11,8/10/2023,8/19/2023
ORD-962,Laptop,928.91,10/24/2023,10/29/2023
ORD-963,Smartwatch,1091.08,2/10/2023,2/17/2023
ORD-964,Keyboard,379.98,6/17/2023,6/20/2023
ORD-965,Headphones,1635.26,7/9/2023,7/15/2023
ORD-966,Keyboard,84.36,9/6/2023,9/14/2023
ORD-967,Mouse,950.5,9/21/2023,9/24/2023
ORD-968,Mouse,1251.98,11/24/2023,12/4/2023
ORD-969,Tablet,456.62,6/5/2023,6/10/2023
ORD-970,Monitor,531.95,12/15/2023,12/23/2023
ORD-971,Headphones,1535.23,11/30/2023,12/3/2023
ORD-972,Keyboard,859.92,2/1/2023,2/5/2023
ORD-973,Laptop,1400.73,9/27/2023,10/5/2023
ORD-974,Smartphone,447.19,7/1/2023,7/8/2023
ORD-975,Laptop,1599.56,10/19/2023,10/26/2023
ORD-976,Laptop,1530.76,5/18/2023,5/28/2023
ORD-977,Mouse,940.64,1/9/2023,1/13/2023
ORD-978,Mouse,1156.39,8/2/2023,8/8/2023
ORD-979,Mouse,710.91,1/10/2023,1/20/2023
ORD-980,Monitor,1991.73,7/13/2023,7/18/2023
ORD-981,Headphones,1375.79,8/29/2023,9/3/2023
ORD-982,Laptop,866.94,4/10/2023,4/16/2023
ORD-983,Smartphone,475.9,5/11/2023,5/18/2023
ORD-984,Tablet,1643.65,7/19/2023,7/29/2023
ORD-985,Headphones,608.97,5/31/2023,6/9/2023
ORD-986,Mouse,1547.86,8/30/2023,9/3/2023
ORD-987,Keyboard,790.57,10/4/2023,10/10/2023
ORD-988,Smartwatch,1884.3,3/13/2023,3/14/2023
ORD-989,Keyboard,959.38,5/19/2023,5/29/2023
ORD-990,Laptop,1273.91,9/24/2023,9/25/2023
ORD-991,Laptop,1761.21,4/27/2023,4/30/2023
ORD-992,Tablet,1610.27,3/9/2023,3/18/2023
ORD-993,Mouse,1684.06,12/7/2023,12/14/2023
ORD-994,Headphones,362.06,9/26/2023,9/29/2023
ORD-995,Smartwatch,529.24,6/9/2023,6/12/2023
ORD-996,Smartphone,1909,6/30/2023,7/4/2023
ORD-997,Keyboard,1549.19,12/14/2023,12/21/2023
ORD-998,Headphones,408.44,2/24/2023,3/1/2023
ORD-999,Headphones,161.79,7/10/2023,7/13/2023
ORD-1000,Monitor,1183.36,11/15/2023,11/19/2023
